--
-- PostgreSQL database dump
--

-- Dumped from database version 16.4 (Ubuntu 16.4-0ubuntu0.24.04.2)
-- Dumped by pg_dump version 16.4 (Ubuntu 16.4-0ubuntu0.24.04.2)

SET statement_timeout = 0;
SET lock_timeout = 0;
SET idle_in_transaction_session_timeout = 0;
SET client_encoding = 'SQL_ASCII';
SET standard_conforming_strings = on;
SELECT pg_catalog.set_config('search_path', '', false);
SET check_function_bodies = false;
SET xmloption = content;
SET client_min_messages = warning;
SET row_security = off;

--
-- Name: uuid-ossp; Type: EXTENSION; Schema: -; Owner: -
--

CREATE EXTENSION IF NOT EXISTS "uuid-ossp" WITH SCHEMA public;


--
-- Name: EXTENSION "uuid-ossp"; Type: COMMENT; Schema: -; Owner: 
--

COMMENT ON EXTENSION "uuid-ossp" IS 'generate universally unique identifiers (UUIDs)';


--
-- Name: prompt_category_enum; Type: TYPE; Schema: public; Owner: rabbitr1
--

CREATE TYPE public.prompt_category_enum AS ENUM (
    'general',
    'generative-ui',
    'teach-mode',
    'lam'
);


ALTER TYPE public.prompt_category_enum OWNER TO rabbitr1;

--
-- Name: prompts_category_enum; Type: TYPE; Schema: public; Owner: rabbitr1
--

CREATE TYPE public.prompts_category_enum AS ENUM (
    'general',
    'generative-ui',
    'teach-mode',
    'lam'
);


ALTER TYPE public.prompts_category_enum OWNER TO rabbitr1;

SET default_tablespace = '';

SET default_table_access_method = heap;

--
-- Name: api_keys; Type: TABLE; Schema: public; Owner: rabbitr1
--

CREATE TABLE public.api_keys (
    id uuid DEFAULT public.uuid_generate_v4() NOT NULL,
    "userId" uuid NOT NULL,
    "hashedKey" text NOT NULL,
    "lastRotated" timestamp without time zone NOT NULL,
    "expiresAt" timestamp without time zone NOT NULL,
    "createdAt" timestamp without time zone DEFAULT now() NOT NULL,
    "updatedAt" timestamp without time zone DEFAULT now() NOT NULL
);


ALTER TABLE public.api_keys OWNER TO rabbitr1;

--
-- Name: global_stats; Type: TABLE; Schema: public; Owner: rabbitr1
--

CREATE TABLE public.global_stats (
    id uuid DEFAULT public.uuid_generate_v4() NOT NULL,
    "totalPromptsGenerated" integer DEFAULT 0 NOT NULL,
    "createdAt" timestamp without time zone DEFAULT now() NOT NULL,
    "updatedAt" timestamp without time zone DEFAULT now() NOT NULL
);


ALTER TABLE public.global_stats OWNER TO rabbitr1;

--
-- Name: migrations; Type: TABLE; Schema: public; Owner: rabbitr1
--

CREATE TABLE public.migrations (
    id integer NOT NULL,
    "timestamp" bigint NOT NULL,
    name character varying NOT NULL
);


ALTER TABLE public.migrations OWNER TO rabbitr1;

--
-- Name: migrations_id_seq; Type: SEQUENCE; Schema: public; Owner: rabbitr1
--

CREATE SEQUENCE public.migrations_id_seq
    AS integer
    START WITH 1
    INCREMENT BY 1
    NO MINVALUE
    NO MAXVALUE
    CACHE 1;


ALTER SEQUENCE public.migrations_id_seq OWNER TO rabbitr1;

--
-- Name: migrations_id_seq; Type: SEQUENCE OWNED BY; Schema: public; Owner: rabbitr1
--

ALTER SEQUENCE public.migrations_id_seq OWNED BY public.migrations.id;


--
-- Name: prompt_copies; Type: TABLE; Schema: public; Owner: rabbitr1
--

CREATE TABLE public.prompt_copies (
    id uuid DEFAULT public.uuid_generate_v4() NOT NULL,
    "promptId" uuid NOT NULL,
    "userId" uuid NOT NULL,
    "createdAt" timestamp without time zone DEFAULT now() NOT NULL,
    "updatedAt" timestamp without time zone DEFAULT now() NOT NULL
);


ALTER TABLE public.prompt_copies OWNER TO rabbitr1;

--
-- Name: prompt_copy; Type: TABLE; Schema: public; Owner: rabbitr1
--

CREATE TABLE public.prompt_copy (
    id uuid DEFAULT public.uuid_generate_v4() NOT NULL,
    "promptId" uuid NOT NULL,
    "userId" uuid NOT NULL,
    "createdAt" timestamp without time zone DEFAULT now() NOT NULL
);


ALTER TABLE public.prompt_copy OWNER TO rabbitr1;

--
-- Name: prompt_likes; Type: TABLE; Schema: public; Owner: rabbitr1
--

CREATE TABLE public.prompt_likes (
    prompt_id uuid NOT NULL,
    user_id uuid NOT NULL
);


ALTER TABLE public.prompt_likes OWNER TO rabbitr1;

--
-- Name: prompt_metrics; Type: TABLE; Schema: public; Owner: rabbitr1
--

CREATE TABLE public.prompt_metrics (
    id integer NOT NULL,
    views integer DEFAULT 0 NOT NULL,
    copies integer DEFAULT 0 NOT NULL,
    rating double precision,
    "createdAt" timestamp without time zone DEFAULT now() NOT NULL,
    "updatedAt" timestamp without time zone DEFAULT now() NOT NULL,
    "promptId" uuid,
    "userId" uuid
);


ALTER TABLE public.prompt_metrics OWNER TO rabbitr1;

--
-- Name: prompt_metrics_id_seq; Type: SEQUENCE; Schema: public; Owner: rabbitr1
--

CREATE SEQUENCE public.prompt_metrics_id_seq
    AS integer
    START WITH 1
    INCREMENT BY 1
    NO MINVALUE
    NO MAXVALUE
    CACHE 1;


ALTER SEQUENCE public.prompt_metrics_id_seq OWNER TO rabbitr1;

--
-- Name: prompt_metrics_id_seq; Type: SEQUENCE OWNED BY; Schema: public; Owner: rabbitr1
--

ALTER SEQUENCE public.prompt_metrics_id_seq OWNED BY public.prompt_metrics.id;


--
-- Name: prompt_votes; Type: TABLE; Schema: public; Owner: rabbitr1
--

CREATE TABLE public.prompt_votes (
    id uuid DEFAULT public.uuid_generate_v4() NOT NULL,
    prompt_id uuid NOT NULL,
    user_id uuid NOT NULL,
    value integer NOT NULL,
    created_at timestamp without time zone DEFAULT now() NOT NULL,
    updated_at timestamp without time zone DEFAULT now() NOT NULL
);


ALTER TABLE public.prompt_votes OWNER TO rabbitr1;

--
-- Name: prompts; Type: TABLE; Schema: public; Owner: rabbitr1
--

CREATE TABLE public.prompts (
    id uuid DEFAULT public.uuid_generate_v4() NOT NULL,
    title character varying NOT NULL,
    description text NOT NULL,
    content text NOT NULL,
    category public.prompts_category_enum DEFAULT 'general'::public.prompts_category_enum NOT NULL,
    "isPublic" boolean DEFAULT true NOT NULL,
    likes integer DEFAULT 0 NOT NULL,
    tags text DEFAULT ''::text NOT NULL,
    "createdAt" timestamp without time zone DEFAULT now() NOT NULL,
    "updatedAt" timestamp without time zone DEFAULT now() NOT NULL,
    "totalViews" integer DEFAULT 0 NOT NULL,
    "totalCopies" integer DEFAULT 0 NOT NULL,
    "averageRating" double precision DEFAULT '0'::double precision NOT NULL,
    "totalVotes" integer DEFAULT 0 NOT NULL,
    author_id uuid,
    "imageUrls" text
);


ALTER TABLE public.prompts OWNER TO rabbitr1;

--
-- Name: users; Type: TABLE; Schema: public; Owner: rabbitr1
--

CREATE TABLE public.users (
    id uuid DEFAULT public.uuid_generate_v4() NOT NULL,
    username character varying NOT NULL,
    email character varying NOT NULL,
    password character varying NOT NULL,
    bio text,
    website character varying,
    "avatarUrl" character varying,
    "emailNotifications" boolean DEFAULT true NOT NULL,
    "darkMode" boolean DEFAULT true NOT NULL,
    "createdAt" timestamp without time zone DEFAULT now() NOT NULL,
    "updatedAt" timestamp without time zone DEFAULT now() NOT NULL,
    "isAdmin" boolean DEFAULT false NOT NULL,
    "promptsGenerated" integer DEFAULT 0 NOT NULL
);


ALTER TABLE public.users OWNER TO rabbitr1;

--
-- Name: migrations id; Type: DEFAULT; Schema: public; Owner: rabbitr1
--

ALTER TABLE ONLY public.migrations ALTER COLUMN id SET DEFAULT nextval('public.migrations_id_seq'::regclass);


--
-- Name: prompt_metrics id; Type: DEFAULT; Schema: public; Owner: rabbitr1
--

ALTER TABLE ONLY public.prompt_metrics ALTER COLUMN id SET DEFAULT nextval('public.prompt_metrics_id_seq'::regclass);


--
-- Data for Name: api_keys; Type: TABLE DATA; Schema: public; Owner: rabbitr1
--

COPY public.api_keys (id, "userId", "hashedKey", "lastRotated", "expiresAt", "createdAt", "updatedAt") FROM stdin;
76bbac55-7c1d-47a1-96a2-b74a4d2b5cb3	5a3739cf-d7c8-4aa9-b7ec-109ed92e94c7	e050e92ff594db104c6c0c9dffcf3fcc:9bb4dc9fa57929ef7918d3ff2a9bb30d5815c6280585d4f69337e4655606ce886f59a3f98123cb5e7abf09a0bc212635214d1f292a2c1b758043d4f16831c791	2024-11-22 04:14:53.86	2024-12-22 04:14:53.86	2024-11-22 04:14:53.868036	2024-11-22 04:14:53.868036
6e20592a-c3ae-4600-8af4-618677811cc2	f1737c6c-8d59-45da-a32d-128982388900	15b8f512eecb639eb962bab6c36678b5:c876b68357a38fc14de5bd1333a7f33b9d641b4ee62707955309c7b8b180ac21f7ad500cb4235dcbb8e539aaaa4da03ddbf1b7d3aa2ec809f1dc00b21702d651	2024-11-22 04:18:12.067	2024-12-22 04:18:12.067	2024-11-22 04:18:12.068294	2024-11-22 04:18:12.068294
3257459b-6c11-4184-9ee8-590ac7c4b7b5	09ea6520-7f07-4183-b64f-e20c0a9b94ba	101c6854219db25ac132f19e39611dc8:fe5b83ae8949df9152bdb92529e31dc8bf1c19460a5eb85dac8d22e537aa303b4d57d63cc40f11660926630b30dfdeea10e7c18d7d83ba24e35b222b427575bc	2024-11-22 04:21:42.503	2024-12-22 04:21:42.503	2024-11-22 04:21:42.504308	2024-11-22 04:21:42.504308
da3e2285-e161-41aa-a7ce-bd8da0e8aa22	c0d13ac6-fd9c-4aa5-bccd-f2c7cd3cea8b	89f9015a2775e2791e589dd3b694048d:dcee15119092fe8e515bf35d5cc5584acc7a4819e4746eedaca8eec041d0a1b08c8ac00120861d1f6e19e400739adf0869c6ff2c3a0e66df1e96acd529e7b4b4	2024-11-22 04:50:10.782	2024-12-22 04:50:10.782	2024-11-22 04:50:10.783299	2024-11-22 04:50:10.783299
19ac6c38-f87a-4876-88d8-8e7dd6d94a5c	5ea38866-5421-4aa9-a5da-7719cadb3f57	e62236952e77866d33cd25f18ceee557:96c77c426adde8570cc406bcb29f34106ab6aa3f17c38f0c874c75c9525a8cddcfba2972a971538e0b983ceca8e93ca0f639180b93dbd3f7336dfa001add6f2c	2024-11-22 05:28:59.425	2024-12-22 05:28:59.425	2024-11-22 05:28:59.426049	2024-11-22 05:28:59.426049
1cdd98e3-611e-4e6b-96d1-60adcedb22f4	e4a06129-42fa-406b-a193-32194e95320a	80f51da174f5b4b906e1a5fae86b5e74:7f8f7cd706f74436caedbe9e6e178c2b4046eeec1f8e66e4d0f1e6845409489298bbdcb7f79fc3fa6ceb1863c9da3a0b3a908f282dbfed90e997aba1984a333b	2024-11-22 12:56:56.065	2024-12-22 12:56:56.065	2024-11-22 12:56:56.065707	2024-11-22 12:56:56.065707
9b004f52-a7b5-4fb8-838c-0001fcad93dc	120131d8-1b18-4c68-ab8d-8deff2a6a3f4	6b82ac629bd41d3b702890a134c22e19:9d548c69824acadc8bc2cf537b7d74a778d5f2849902665b757632e7fd8e634d2c3b2681accddddbc7243bb0ea3b5e4c983103f0f157da85b98e3bd454d77ba9	2024-11-22 16:01:07.672	2024-12-22 16:01:07.672	2024-11-22 16:01:07.6731	2024-11-22 16:01:07.6731
03175984-4f74-4741-bf3b-d4e1929ae153	c455daac-34ea-4fdb-9142-5405580307d5	1ba76eca3d43bf0b83a3db01fc40ef73:175761feb0825176771822b084534761d5718331a1246e64a5833710227e3aaa9ca121e933d7f1a2c688e469737dbc1746392d4f810720862cb46828b92cef79	2024-11-22 16:18:03.8	2024-12-22 16:18:03.8	2024-11-22 16:18:03.800783	2024-11-22 16:18:03.800783
a452ff11-890c-4db5-8c18-150b4a56645d	2c6de609-078c-4a2a-9afb-db24ea4a11d0	1bf97544d282c86502d8c110dd71673d:24576eced694b8868eeb24045588a6700595a3545bb3de5ecee8ead1a8e4e32b68cba8f3b25e082d17be3bff5cc4ac70c5633bc44317081dcf77c6f91235b38f	2024-11-22 16:35:34.55	2024-12-22 16:35:34.55	2024-11-22 16:35:34.55083	2024-11-22 16:35:34.55083
48773a50-5292-4153-86be-a202fe5df1ee	90060471-0b3d-4828-aef3-b7ae76bb15fc	452eca9486741dec881dc1e0623f3bd2:b9f1ac1984422f3c23b1b85df92577f4c927803616b26dce1a2ec32409da6ee3f02fcaebe1eb30cff4021872003cd3711f6316d0131c74f4a900911a17e14fef	2024-11-22 17:26:44.474	2024-12-22 17:26:44.474	2024-11-22 17:26:44.475179	2024-11-22 17:26:44.475179
209bd570-dafa-4638-b316-b655c066749d	3722e5aa-a63c-4712-ada7-c33041de696e	d513d22c58e422c2338da6b77a1320c9:578de173a3877614b310d6fd917cc3f91ba65096f799c1f1a933deebef4052e2debe500341c91b84f141489e12cd24ef315f41597c2f7ed28e0043b54e7ea5fd	2024-11-22 19:02:54.299	2024-12-22 19:02:54.299	2024-11-22 19:02:54.300197	2024-11-22 19:02:54.300197
4dc58a88-97c1-4b11-bcaa-6df441f6d61b	f15a7f39-e72e-4cb7-ad3b-9d569ef8fffa	23f9e12f25e78d4b5b2c9dc6da60e385:07c0cc7db8ea0324a651235689f579b28db9a37c9b600fafaab566e36f1e413967007af417b95f08f4e95b26b7f3cdaa262a6c467607f98bca7835cf9e3d7b16	2024-11-22 19:08:10.536	2024-12-22 19:08:10.536	2024-11-22 19:08:10.536581	2024-11-22 19:08:10.536581
77a7993d-9472-41de-8d9d-9405613f9073	0c9c02c5-b784-47ca-8fe4-9b60be6d87e1	58e5c52b7174b060942004d5562c67a1:7bb905d8156071ea2e46a9beb93c599cf3528671a0a820748ca740bf98bea91c3d5e2906244d7ad24abdeea2ec514ae77057c72877e8681034f178af02a3e505	2024-11-22 20:16:03.82	2024-12-22 20:16:03.82	2024-11-22 20:16:03.821227	2024-11-22 20:16:03.821227
cfae7332-5fd5-4739-8d6c-ab7e7688fa7e	7eb18f0e-56e6-4872-a8ca-d9e337875cb9	f8f918519265deb66e00aec507fcac8b:8df7aa530a18093b4cf30fb34d1d2d7372f82d9d46b566ede8f5227d31180d95724c121f2b545ed59d4ca5b1fade31d8e23bc401edb67365d65abab97dd1eccc	2024-11-22 20:51:52.095	2024-12-22 20:51:52.095	2024-11-22 20:51:52.095505	2024-11-22 20:51:52.095505
278e3dce-7b6f-427d-a66f-74412d2a64a5	15677ada-84d5-4ddf-995f-7a94b9ea9e7d	538330ba1abc4e306be49e1c0f0f6661:9d617e3f0a88a085bf62129a1bf70fd4d2a6a18e727cfe8b4e14de3cfd2bdc1cc79b6e52bf4f24e971f0309681814cd62afb9fbffc6228f2560f8e7c0572897e	2024-11-22 21:02:43.006	2024-12-22 21:02:43.006	2024-11-22 21:02:43.006898	2024-11-22 21:02:43.006898
eda7d702-0b61-4f38-b076-44dfee35ae4f	56d8e96b-7afe-45f7-8129-19928ef42a38	5ab742ade9391744bffcc30023f16ec7:9c8befb197ffe496ca57d60eb62f865d8e97647ed9bdb11b9835f76b43ecfe6785fee67ce67375ce527d52b0469b20e666dde5759185584b1fb3d8b1fb864eab	2024-11-23 06:41:23.005	2024-12-23 06:41:23.005	2024-11-23 06:41:23.006091	2024-11-23 06:41:23.006091
218a1793-3e63-406f-8fec-e9a112965aa0	d8b0d407-e0f3-4b21-af2f-6f8f5cc1dad7	d652716e9338298d28058677fccbce28:ece4ed836996482666fa8fd60ac0c0df08b1537e1fe67b6a91f3bfc3f3957f90f66079425cc29c85f1b3317c1e4e1a82ab4839a4c2c45ba7826d4ee003840072	2024-11-23 11:09:44.559	2024-12-23 11:09:44.559	2024-11-23 11:09:44.55937	2024-11-23 11:09:44.55937
128c75c1-bc58-477c-82e4-bce6c14e2cd3	a332322c-4547-4920-b804-c802794e03fd	2a5e2c6b2245e0b4dadf1a6c53efcbe3:d513a49fabebf1fea77edd669b0234770e97eb1c4fe114021eac24a123fb37f15f248374d0cb3c1505988cf9be0bae905336cee889ded71cf97696ec7687f539	2024-11-23 11:14:24.812	2024-12-23 11:14:24.812	2024-11-23 11:14:24.813212	2024-11-23 11:14:24.813212
7821242a-dd31-48d1-85f2-493add6c0e98	e57b6914-39f7-4e41-b9e3-4008923e69f7	47389070710ffe289e95c5b22836d56a:0833f25ade1d0c07433f7ae31baf2394f9f689550138d84d74c35c555f1ea14d35012170b2aeada7533c1bbd449831a8c211c1408792a8a58f85252b042a5c0d	2024-11-23 14:15:26.184	2024-12-23 14:15:26.184	2024-11-23 14:15:26.185207	2024-11-23 14:15:26.185207
8573b819-2a42-46cf-809c-d45b19934d01	003b513b-130d-432d-a6a7-4982e5873cf3	87db96cc4f23001c9bc0823b6944a43e:6eb9ec5ab51d1403164462515760e26c172dcbeeab6ea0de3fa137dbe56c3515f73765a65de4614d98c32b4feac550b105d5ef82fe8bfae968ae38d549b03382	2024-11-23 18:24:57.481	2024-12-23 18:24:57.481	2024-11-23 18:24:57.481815	2024-11-23 18:24:57.481815
0fcd61e4-e6c6-4881-8328-409b6dcd2c91	ea068196-1434-4455-b7e0-da68d4018499	ed0e64fd2fffc9930b3b245ff77cd087:d308f96d17114ef201a44c65a7f82edaf3d7a802fd3780f285ac0754e5e8aad626b3fc899e45b40286ef2b287379bd37d8d6fb2ff604cc356a14f39218097183	2024-11-24 04:59:03.959	2024-12-24 04:59:03.959	2024-11-24 04:59:03.959493	2024-11-24 04:59:03.959493
b7d4c186-4894-449f-8203-2dcbfc186949	5c3dc746-d30c-4655-bc15-ac64d84a7c17	196d0a7c01577ced9aad249dd3b18f34:a3f0ea4c81141c2c8aa76f317c21ef92c8b73d994e56fd2be57d27bf087a4f91090be08a76e2e48972fe364fc40e5cc6bf5cf5509ce8b4c2ee1cee888564fa00	2024-11-24 15:07:27.196	2024-12-24 15:07:27.196	2024-11-24 15:07:27.196777	2024-11-24 15:07:27.196777
d6563047-1004-41aa-b0e5-dc08eee6478c	cc818637-3ca5-43e0-9d68-a13da8f902c3	5f1c17c006fc291b497e8153880ffaf3:93969eafaa42857f45d286bb91da28d77846434592439f5c0c692353fdabf1a6098ed5d230c9a239854d921d205825509f17174b84ab0c5713a000ab8407f964	2024-11-24 21:14:45.333	2024-12-24 21:14:45.333	2024-11-24 21:14:45.333422	2024-11-24 21:14:45.333422
962a3cbf-d879-4ccc-974f-eb40397bdf52	35b641eb-5377-4432-bb55-a23e06f81422	0b7f13b4c47fae0e368c5c32278a95ce:0046f01a6b92f0370dd631f5168d8ebf5c0ff2284442db1945b2ef40d6a1aaedffaa30e1adce763334bd9db4280a438c150c917531b35987581119e4ce4ac830	2024-11-24 23:09:05.893	2024-12-24 23:09:05.893	2024-11-24 23:09:05.894063	2024-11-24 23:09:05.894063
5cd22db6-bfc3-4b07-833c-0063cab98e0d	fba4c2ab-61fc-4aaf-9fec-71da8a6a00b0	ce4d3bdff350c34faf8d60f5b9411010:9e8cb111db193bc2c1bdd770fbc8b244f3aa9794cdb8806fb0daf35ef66e664235d75bbcd881363ec7bed5798233334e27281da6e6e8f34589380cebb6024ba0	2024-11-25 05:58:41.265	2024-12-25 05:58:41.265	2024-11-25 05:58:41.265371	2024-11-25 05:58:41.265371
84a16c28-9652-44a6-a5b1-a9db6579e3e9	34a176c8-eb9a-4669-b3a6-93bfab2bdf52	71bf0c848ed70864b68bcb7b98fad948:101dbc8b63ab31af8520902044f95d028d9f852deae032abc598650644e13406ebe841c3e90453aa4cffa7d14a4a9753541153560cd79489553fd7241d167b3d	2024-11-25 08:52:28.056	2024-12-25 08:52:28.056	2024-11-25 08:52:28.057272	2024-11-25 08:52:28.057272
6e2e3281-4d82-488c-aab3-5bff1576e943	ad990c5a-d946-43a7-9148-9f93d69daa42	edb4f5a847c81ce99415c4f70c66161e:a551893b2bbc6adc6b03227aa1eec68791469462b1f8e2214263c2b2b4d75a4d8fb3e7c941e3772a9e7228372ff4cb7f924f74dcc9e8fb10daa0baea23fb8aae	2024-11-25 10:55:23.248	2024-12-25 10:55:23.248	2024-11-25 10:55:23.249155	2024-11-25 10:55:23.249155
e7231bbe-7dd7-4646-8e4f-ae65861353a2	d2fe8426-2019-4297-934a-0d09e8dc0a17	eccfb08a9b2dde59cf4f05b2b39baabc:151d8617b0b5b4a94fbee48b0ca6e986bbcee9f7974df37388beb0b9a63510f7d3ce50a3969d7e3d4496a6ea237c848242c490094c46985ba151fad2808990de	2024-11-25 16:40:46.083	2024-12-25 16:40:46.083	2024-11-25 16:40:46.084287	2024-11-25 16:40:46.084287
22175985-5b73-4a95-9b8c-12eb12e7c82d	451fe2d6-19f9-4add-9e87-4947e22a615d	7cddc931ec4d1e5acc7786a0f503a53a:5e365e4e48ce475408a05c47b9dd1cb4dc1fc08fc3222272dc1f15befe3d5f1ede06fdf2c7c03d8442a302e6d91f1d1a24bc3bbcc73822019afd263c74e78d48	2024-11-25 18:25:32.646	2024-12-25 18:25:32.646	2024-11-25 18:25:32.64716	2024-11-25 18:25:32.64716
c14ed9ed-7deb-49f6-ae9d-b73572eecf24	0524e568-3026-4202-ba59-37c298357b93	173c738fb8de8c78104ba7a400362e47:e555eaa91876e8b409277d947b7e79b61852ed81fb240c7b76fd3bfa46ef5f9fd66e7ac7654e9f562e9c2bad47e9fac4dd635523df3b39166c5e5356c95c52af	2024-11-25 21:06:45.766	2024-12-25 21:06:45.766	2024-11-25 21:06:45.767382	2024-11-25 21:06:45.767382
4d40140d-fa88-43d8-806b-f3040eef20b8	e3aab0b1-68c1-435f-931d-c433a9a8be6e	9c6dd7a9a0da1bf84664cebb3bb8947a:575db538f3497644525c35d1040e1af4077107888309307cc2359a858c7778dab1ffd03e3f700f4be88f75c99d6257785abd1ab6889ac24acbf7ed9356234ba7	2024-11-25 22:36:13.631	2024-12-25 22:36:13.631	2024-11-25 22:36:13.631708	2024-11-25 22:36:13.631708
7ff72985-316d-4b40-b382-7cea30691e5a	37813a27-f312-48e0-8845-1aeaefc4e29f	7f8fdf099df4f0268ed66c52f077c668:b0edfcfe744ca78f809232c7d03a8cb33ea6ec9d73192f05336544af9afa1628cd86e25a82e0494ff55866dcfe3682ab338dd36d84d7bc1aa64899fd26fa707d	2024-11-26 14:22:15.956	2024-12-26 14:22:15.956	2024-11-26 14:22:15.956915	2024-11-26 14:22:15.956915
82aca9f1-35c3-4bb6-b162-c17564e3edc1	b8e132d0-7226-480f-b2fe-7de3600f0e66	410d8ad01f3e4ef2a52432f6700bcef8:143d0ce52f7c42d24c657d3aa4cc71841c256b3f6969133da30745c822209c8dd6b5b081bef64671add3cb84949f466f91cd657e8d1c6955db56d755a5cc986e	2024-11-26 23:21:30.847	2024-12-26 23:21:30.847	2024-11-26 23:21:30.84744	2024-11-26 23:21:30.84744
51c83456-ea7e-47e2-bf6f-0589fbd745fd	351b5559-ff29-4636-a092-c578ca8aa177	1b989ebd46e5b71c7071f16de87a7479:7fcf7ade875b75c1e0798b7140c69f42720d3b2654ff13fb976c4118f3c57526d4a96d461d267b5f6b8a58b09240303a8d09b0c3edaad017023110b91fae9a6d	2024-11-26 23:21:42.687	2024-12-26 23:21:42.687	2024-11-26 23:21:42.688017	2024-11-26 23:21:42.688017
bcdead5d-5218-48d2-8776-dbba97af3a88	fe49de7e-e35f-458b-a55a-aedaa1527c89	6fca2a338463f7c9f18e28e3eb5a862a:b4a26ff4895621f8e3eaa58c28749962bc313251ba60e059546c6f6ccbbd5687e3b1f5f1b3c4a355160b4de646ac22ef5bdf7bd574e19d3393d8483c70baf946	2024-11-27 00:57:53.149	2024-12-27 00:57:53.149	2024-11-27 00:57:53.150322	2024-11-27 00:57:53.150322
c826b174-a394-4cdd-a92a-cf6334030a1d	01e1111d-23c8-40d9-b425-bd4e761308f1	135b2e2bc3845eac9ad3f92eb3e42155:0608f60182b85c2f212f2d1ffa4b558e0fecfd25d2f940ffab98dcb65d2e92166ff1b22da8863991985d3b2fd60767a8f8ce9318bcf3bb6fa697e66f00de452c	2024-11-27 13:44:34.259	2024-12-27 13:44:34.259	2024-11-27 13:44:34.259752	2024-11-27 13:44:34.259752
e3479fee-fcd6-4500-9146-5c3415d31cb9	b7b77498-d8c2-4aeb-bff2-bd0b4f8360a8	d3ec719171f679f80ae1342a25630aca:6a152c89eba3d05a278ef1c609fdbadfae33087524f715c40585384e98f295a53fa7256da05b625a9897d7b913782ba49d2550cb38199b3a6ef5bfb271aea1f4	2024-11-27 14:17:25.139	2024-12-27 14:17:25.139	2024-11-27 14:17:25.139956	2024-11-27 14:17:25.139956
1c4c70de-7ceb-4901-80d1-bdbb209565a0	b8cca701-5b1d-442f-bffd-e0863359859e	d3328e5613ebce024591c49219d99dbd:2783ef8156b5140142909027dc9f6f0937804cd1babb8945d297198841b1a156775f0411431c2fe4450cde53588e17b74b83d45493569bf6b57076b9cb2714de	2024-11-27 16:41:29.192	2024-12-27 16:41:29.192	2024-11-27 16:41:29.193045	2024-11-27 16:41:29.193045
89873fba-29a8-46bb-915e-f86759cbdcc2	777f1203-9a2c-4aff-9a38-f091550b95ff	bf1eb1874ca24cd4a95e6326b770e8f6:5ed94db77b9a89e23568227272c444a6dc2e563d9cf7992a6866e3ecd5514099cc5c96b35ba4d2c3277b0bb2f0d98f22b8c32a538465bab27cdf7ed300448742	2024-11-28 17:06:11.906	2024-12-28 17:06:11.906	2024-11-28 17:06:11.907153	2024-11-28 17:06:11.907153
6f0c200b-875d-421d-9d33-a888ef4926d6	5382c2b1-b793-46c4-87f6-8f260e43ea36	3ba987d7057cfdcb5f08b060841df284:b1bcb0c826ff7087ad6e477fba2b86f3a8587f28c7b7873ab3425454a45dacc56714b46308cef70d9553f064c4389b0e403d33d3607b6c4671f0bf4ccdc5e55e	2024-11-29 20:22:38.28	2024-12-29 20:22:38.28	2024-11-29 20:22:38.281234	2024-11-29 20:22:38.281234
98c80491-fde2-40e7-b48a-bb3d334bf29e	81ddfbbd-3c9e-420d-a12e-abcda7dc0ec7	70b8c41200f6ee09a653bdc1a6e3362f:8fa25eb7744c4ab728e326d87e732ad0a0697d2e737d28a27cd558082fe9b25f9cb9a4d856a872c97d8bd1fb6c0d75a91f97899e3cc88aaa4dd3f500f6c64220	2024-11-29 20:42:00.585	2024-12-29 20:42:00.585	2024-11-29 20:42:00.586522	2024-11-29 20:42:00.586522
d73da827-d83a-40b6-a663-ca50c052adde	58593cc9-1c88-4913-be47-59ca436142a8	1a0e56df495b3ecd23c525368d30aad6:45fb70c8765612833539bee0f5f65f57b771b663b62543a40418a4431b93407f8f6f02a4a9f14f79f3f7620dcd978144f0ad6b04818e5a1e2a2c5057dbefe946	2024-11-30 04:59:37.409	2024-12-30 04:59:37.409	2024-11-30 04:59:37.409921	2024-11-30 04:59:37.409921
c4252538-4753-4ccc-b439-2e98713bdf80	7b666739-e166-41df-8c07-b6450594fa5e	6f1d83955b221f157b9e23d272de25da:b4088bcf59f0f47e7777d89f68b8cdb009f4228c0378757d8c93ad104ca9de1fe82aed616b6348a406d2f22798071229de8e4a40c7dba9cc7c77ee88676979d2	2024-11-30 18:20:33.485	2024-12-30 18:20:33.485	2024-11-30 18:20:33.485668	2024-11-30 18:20:33.485668
8ccf243a-5964-40de-a6fc-7f01bb298694	ccc9cf58-7751-48f1-8aa5-0bd02ba061a2	8ac139e32d65d432afaeba75a16c3289:bb8c03ad75355f5c1592a3065c2b505c6d92ee220e89b28e1fcfba97024552e0ec8be658f18a697ffece275d515b02172ca26f0a55acae724e550fd9ea092eae	2024-12-03 04:25:18.322	2025-01-02 04:25:18.322	2024-12-03 04:25:18.323264	2024-12-03 04:25:18.323264
de8485d0-a251-41e7-bd20-2c3de2b05311	f9f47fdf-125c-4870-9ca8-59e648bd5c08	14b4ea749c7f325876d1cd67d18504a8:e91ba86ec2631e494704ed4477cbf914e610ae550701997290efc34cf450e3f3cae272d0d6603d90aac896ee3598d5957ddac1cecda657a54a45ab665676ac8d	2024-12-03 12:10:00.103	2025-01-02 12:10:00.103	2024-12-03 12:10:00.104233	2024-12-03 12:10:00.104233
5d6bc59e-e013-4f56-aa40-ceeb25d18467	c5247aad-c5c3-4133-b162-50acc686e316	e6f13d00bfd9529c841c988ea5f24aed:a21123c780a95d113cf942008042c622cfde37f7cee0e876bc0176f45cecbe7d4dca89b7457a773864be1f82812ea017e27421888780d89faa52aab5bf80b83a	2024-12-04 11:06:00.868	2025-01-03 11:06:00.868	2024-12-04 11:06:00.868789	2024-12-04 11:06:00.868789
9a5e4860-c290-4421-89cb-a94840536426	babc5468-a5e9-423f-aba9-fa7d8ef45ca2	ea99c8bf0527e03b29cc4b700f4812ae:09fd1098c9f38d711c849497f2789ca90e814cb95b3584d513bcdfc35942cf68eb31b58514953c36089a99be368c8be96b5720a280ef1151a3283443ea5aa766	2024-12-05 14:30:07.646	2025-01-04 14:30:07.646	2024-12-05 14:30:07.647122	2024-12-05 14:30:07.647122
feb8b3be-273d-4371-8524-403d2ccaa8e4	ac8e96a6-d7a0-43ee-8180-f7461ffff467	42cb82d53a3c29924fd8c77ea6d19138:b6a9e626101ea124b54abf14e7d9591c2c4bddebf80527005bd5c260411509081f897ad299e79dd7a8a51b495307d7522c8525d1e15161d0c08607f4e2aa1790	2024-12-05 15:29:06.442	2025-01-04 15:29:06.442	2024-12-05 15:29:06.44319	2024-12-05 15:29:06.44319
f98f5707-ad5b-43ed-8cf1-bcee91560f91	6c0423e5-3fcb-4994-977a-2b6062c9ac10	b2abd0359f655124c11da56dfaac0f8e:d15539dc01d0c254f8d46410bf703b9b4bdc01ec2b168fe47e63b7f24536213e302b8badc06a15b874a8f6f5b8a76a96d45136bebad13c36202341780eabc243	2024-12-05 16:25:58.138	2025-01-04 16:25:58.138	2024-12-05 16:25:58.139071	2024-12-05 16:25:58.139071
c9292695-6782-47da-b87a-e60d6c0fda2a	65c6e039-7ccb-4f84-9172-9929344c7b96	26d2284e25b1251aec5a29c6c4f1cadf:eb3f6cc7daf8cfa230eb344617a24b3c3540f66e47234e00a37b76340c39586b2857b870b655c6fbc8e66ad464fe45bcdc7b2354adf6dcf031a4faa380738fd0	2024-12-06 03:49:09.297	2025-01-05 03:49:09.297	2024-12-06 03:49:09.297696	2024-12-06 03:49:09.297696
2dc70edb-1720-49bd-8455-473182d05f50	8e8c60eb-75d8-4ca0-b5d6-39cc4a2bca91	2165cb816f420553f30c8a3bee95100f:ec52dab1334acd7c8d121a61449aa4fa1783a6fc9bce3cf6b4268ef35a51c14cb59779a4eb7c0df32505f1efd07649a4eef17bd22831829ded19c78b69eb7cf4	2024-12-08 01:07:43.887	2025-01-07 01:07:43.887	2024-12-08 01:07:43.888038	2024-12-08 01:07:43.888038
ddf6bcb9-67a0-445c-b782-876d0f97ac4c	5125b43b-754f-4c9e-888b-544a8aafd3bb	8655a7aed776d4e2b6599a75cb3b81ee:5a2067416ef8ae067d9729d4fab5426f34c736bfbf118edecfa67a4004f3366f60f9cafa0a18d2c1523d6083acab1d1650fa43454dfd5663764f295d3b423174	2024-12-08 02:44:12.271	2025-01-07 02:44:12.271	2024-12-08 02:44:12.27135	2024-12-08 02:44:12.27135
cbcee502-7573-4495-8222-ca05ab9d20b3	2dee5b05-be3b-4217-8fdd-baf46097fe1c	75bf74fedc9c6f22fcd34bc4d0473540:968221c9c5d0ff4c9e22335bbb1860e55d2bbe6a5821f7bfeb7d5ff37df419f2f6537d050882c59d3ecdbffe838a4077ac8220e6ed90a46ffc5acfbe5912068e	2024-12-08 07:18:35.457	2025-01-07 07:18:35.457	2024-12-08 07:18:35.457806	2024-12-08 07:18:35.457806
dc1e2dde-d18e-4681-9642-4fc37b428f1d	facb335f-9306-4a68-bddf-264ec32851d2	e0ce7c632ec5ee5ad1a5ed55eaf7579c:034afb66d6061283f2644ffe02a05503f45543bdcc903d2e0ec5456bac3588545b6e001ec8756a33d93c233e3b5f6ea9209b6723775ea3e71c8c92b77a010bae	2024-12-08 21:05:44.238	2025-01-07 21:05:44.238	2024-12-08 21:05:44.238954	2024-12-08 21:05:44.238954
05f354c8-cd8b-4542-b1f5-e9f2f0c26baa	1ebccaa4-ed64-4fd5-a203-49ed596340e3	a20560ab990b6bc2a6df450ea116f33f:37c2744298b48394ed07e9c48ce7a69bd4e19b4cdfff8116309dbe78b83ba6a1c505e8dd60e4d7ea554fe9270864f2a0e88515ca9b63ad685548cfec27efae33	2024-12-10 12:46:33.982	2025-01-09 12:46:33.982	2024-12-10 12:46:33.983196	2024-12-10 12:46:33.983196
8bd27875-280d-44a7-938f-5b8833440dea	a9829743-dbbd-458a-b95c-32c522a7d26e	d1d7dcb30f401ad5a2c69950ecbd8ac8:4efc773b7ec8ce7dd747c02fe2c7ddbb6939a87b8d4b176eadd7605edef3c48249ca24da4e588c610a2ad18845064a0c7809457bc0d026b41dfe8d4a6c91bc79	2024-12-10 21:31:26.404	2025-01-09 21:31:26.404	2024-12-10 21:31:26.405142	2024-12-10 21:31:26.405142
c10175d4-7b50-48fd-a50d-c6bb7098a7d1	02cee79f-0c3d-47a2-8d2e-59a6d0c64efe	e2a9feead39caec3dbee06af6e738b52:9b851a620af397c05a72279649f2724a7d6b67ee96549243561e0c4b2de5688cdc5fda0d8da2dea529e2558eadaa9842a062dbbb85c6da2a934e9bca9624bcf1	2024-12-10 21:40:52.447	2025-01-09 21:40:52.447	2024-12-10 21:40:52.447851	2024-12-10 21:40:52.447851
4b747547-d0bb-45c7-9d51-596d2cf28f99	ea1e820d-5df6-491e-be8e-26c37852497d	89c112b8f753c60e2a28f457d8222e74:d4bd5b1c9281114d07965a6cebaa43c9c2b8e2808ec586ef6e37f1c86ffafd2c09292d2ad19a12d64d52139fcbdf9e7527de9e313bf67d78a06016545704da56	2024-12-10 22:11:15.012	2025-01-09 22:11:15.012	2024-12-10 22:11:15.013212	2024-12-10 22:11:15.013212
\.


--
-- Data for Name: global_stats; Type: TABLE DATA; Schema: public; Owner: rabbitr1
--

COPY public.global_stats (id, "totalPromptsGenerated", "createdAt", "updatedAt") FROM stdin;
09ecc937-2aae-4cc9-a6df-4997816eaeb5	116	2024-11-22 04:14:57.493628	2024-12-11 15:30:14.425209
\.


--
-- Data for Name: migrations; Type: TABLE DATA; Schema: public; Owner: rabbitr1
--

COPY public.migrations (id, "timestamp", name) FROM stdin;
1	1700000000000	CompleteSchema1700000000000
2	1711072800000	EncryptEmails1711072800000
\.


--
-- Data for Name: prompt_copies; Type: TABLE DATA; Schema: public; Owner: rabbitr1
--

COPY public.prompt_copies (id, "promptId", "userId", "createdAt", "updatedAt") FROM stdin;
4543db0b-c4ce-45d9-bc34-8f2df170f068	113f6d8f-55c2-44be-9931-e97af5daeb4f	daeca8eb-0323-4f08-a9b9-b5d0e8b33c96	2024-11-22 04:51:14.596403	2024-11-22 04:51:14.596403
81475c13-c861-4f92-84da-7c140ba5bcbc	e5718ad5-b5c1-4fe4-b5c3-1a62a089e45a	daeca8eb-0323-4f08-a9b9-b5d0e8b33c96	2024-11-22 04:54:01.411141	2024-11-22 04:54:01.411141
b6df654d-70a0-44b0-aeb2-f4964e5b47e9	c112a7a3-34bc-446c-9e8c-f1fb80f7d2ac	daeca8eb-0323-4f08-a9b9-b5d0e8b33c96	2024-11-22 04:56:58.317978	2024-11-22 04:56:58.317978
93c9d8e7-6515-4742-9efa-75aa54112d99	5f848e42-3205-47ac-a30a-8839e8f6aa29	e57b6914-39f7-4e41-b9e3-4008923e69f7	2024-11-23 16:25:07.780903	2024-11-23 16:25:07.780903
c115db0c-8df4-4de4-bf38-9eebf8613459	7c0c362a-663b-4546-a53d-c5523aea3c33	e57b6914-39f7-4e41-b9e3-4008923e69f7	2024-11-23 17:59:08.200268	2024-11-23 17:59:08.200268
d55ef8a0-bd7d-4cab-9acc-b72f2d3c18fc	b4cae0b2-38b7-4051-84b2-3e964bf39be8	120131d8-1b18-4c68-ab8d-8deff2a6a3f4	2024-11-23 18:11:15.350004	2024-11-23 18:11:15.350004
28e166de-eefa-48ac-94c9-97b49c2237e0	b4cae0b2-38b7-4051-84b2-3e964bf39be8	ea068196-1434-4455-b7e0-da68d4018499	2024-11-24 05:00:27.061592	2024-11-24 05:00:27.061592
9040193d-f6ec-439e-a3ba-bc5f12b665b1	a2c3cccb-a4f0-418c-acfd-b5fd1de98dd5	cc818637-3ca5-43e0-9d68-a13da8f902c3	2024-11-24 21:15:29.076247	2024-11-24 21:15:29.076247
8f1ee6fe-78f3-492e-88d8-dbf16b9a69fb	a2c3cccb-a4f0-418c-acfd-b5fd1de98dd5	35b641eb-5377-4432-bb55-a23e06f81422	2024-11-24 23:09:15.909965	2024-11-24 23:09:15.909965
7fb2deaa-af8f-451e-b620-60dc1196ca4c	648088a6-bee7-4bb4-8aa4-1f94194af36c	a332322c-4547-4920-b804-c802794e03fd	2024-11-24 23:37:59.815663	2024-11-24 23:37:59.815663
46947e84-58a9-438d-9bfd-8d0d0525d734	e5718ad5-b5c1-4fe4-b5c3-1a62a089e45a	fba4c2ab-61fc-4aaf-9fec-71da8a6a00b0	2024-11-25 05:59:37.518658	2024-11-25 05:59:37.518658
6cf938db-10fe-4434-b53a-5b6c67a626ba	113f6d8f-55c2-44be-9931-e97af5daeb4f	34a176c8-eb9a-4669-b3a6-93bfab2bdf52	2024-11-25 08:54:26.184802	2024-11-25 08:54:26.184802
eaec5df4-b856-4e80-a37a-989cc294e011	c112a7a3-34bc-446c-9e8c-f1fb80f7d2ac	ad990c5a-d946-43a7-9148-9f93d69daa42	2024-11-25 10:59:22.820766	2024-11-25 10:59:22.820766
77a5121f-2216-49ad-87f0-096a8deaf464	3749b14c-a486-40c2-a87b-0b6b08bf2fe8	ad990c5a-d946-43a7-9148-9f93d69daa42	2024-11-25 11:00:07.820112	2024-11-25 11:00:07.820112
9493e156-0887-45f5-894b-2b18d6228270	1926038a-5479-4b4d-ab2a-d891aaf56a34	451fe2d6-19f9-4add-9e87-4947e22a615d	2024-11-25 18:26:14.382734	2024-11-25 18:26:14.382734
d8cc55af-5e39-4782-974e-1e578803e75c	5f848e42-3205-47ac-a30a-8839e8f6aa29	0524e568-3026-4202-ba59-37c298357b93	2024-11-25 21:21:42.101909	2024-11-25 21:21:42.101909
77504ffc-9892-4fa1-9ba5-42f8d2e37b7a	113f6d8f-55c2-44be-9931-e97af5daeb4f	e3aab0b1-68c1-435f-931d-c433a9a8be6e	2024-11-25 22:37:42.519358	2024-11-25 22:37:42.519358
3985b7f7-0c53-4c58-96ce-1dc4fa6de07d	1926038a-5479-4b4d-ab2a-d891aaf56a34	c455daac-34ea-4fdb-9142-5405580307d5	2024-11-26 11:27:20.941064	2024-11-26 11:27:20.941064
b1222ef8-d3fa-4956-ab39-496c52fc5eb4	a2c3cccb-a4f0-418c-acfd-b5fd1de98dd5	b8cca701-5b1d-442f-bffd-e0863359859e	2024-11-27 16:41:50.955013	2024-11-27 16:41:50.955013
cdf514fe-6096-442c-8add-9464f510f550	c112a7a3-34bc-446c-9e8c-f1fb80f7d2ac	b8cca701-5b1d-442f-bffd-e0863359859e	2024-11-27 16:47:04.479335	2024-11-27 16:47:04.479335
db638bab-0077-44b0-b692-d69cc909edcd	e5718ad5-b5c1-4fe4-b5c3-1a62a089e45a	b8cca701-5b1d-442f-bffd-e0863359859e	2024-11-27 17:11:43.986355	2024-11-27 17:11:43.986355
44993f4d-754e-4d36-b3ef-a29c09fd63dd	3749b14c-a486-40c2-a87b-0b6b08bf2fe8	c455daac-34ea-4fdb-9142-5405580307d5	2024-11-28 14:53:42.874871	2024-11-28 14:53:42.874871
72fda76b-133f-4986-a67c-074de75dcf99	3749b14c-a486-40c2-a87b-0b6b08bf2fe8	5382c2b1-b793-46c4-87f6-8f260e43ea36	2024-11-29 20:23:37.554052	2024-11-29 20:23:37.554052
afe5b497-cbbf-405b-90a2-5a601ea9a687	a2c3cccb-a4f0-418c-acfd-b5fd1de98dd5	7b666739-e166-41df-8c07-b6450594fa5e	2024-11-30 18:22:09.084599	2024-11-30 18:22:09.084599
2357d42c-69aa-4809-b22e-d42ebefb8209	c112a7a3-34bc-446c-9e8c-f1fb80f7d2ac	f9f47fdf-125c-4870-9ca8-59e648bd5c08	2024-12-03 12:12:51.985975	2024-12-03 12:12:51.985975
a33b4399-5d0f-4697-bae7-61830b3c00a0	e5718ad5-b5c1-4fe4-b5c3-1a62a089e45a	c5247aad-c5c3-4133-b162-50acc686e316	2024-12-04 11:07:16.113071	2024-12-04 11:07:16.113071
415b45df-d376-4b3e-9963-dddb27cf2cb2	e5718ad5-b5c1-4fe4-b5c3-1a62a089e45a	f15a7f39-e72e-4cb7-ad3b-9d569ef8fffa	2024-12-05 03:31:53.680895	2024-12-05 03:31:53.680895
357c69fb-4035-42f4-b8a7-27f005b10dd1	3749b14c-a486-40c2-a87b-0b6b08bf2fe8	f15a7f39-e72e-4cb7-ad3b-9d569ef8fffa	2024-12-05 03:36:39.067947	2024-12-05 03:36:39.067947
040b0ba2-d3c2-4e58-b179-d65a23e6ce91	113f6d8f-55c2-44be-9931-e97af5daeb4f	65c6e039-7ccb-4f84-9172-9929344c7b96	2024-12-06 03:52:19.11357	2024-12-06 03:52:19.11357
7082902a-078c-4cbf-9aeb-50c44cb30f24	e5718ad5-b5c1-4fe4-b5c3-1a62a089e45a	65c6e039-7ccb-4f84-9172-9929344c7b96	2024-12-06 03:53:01.897401	2024-12-06 03:53:01.897401
562d0e39-dd9e-4a7d-b3ab-a38e7e20b65e	5f848e42-3205-47ac-a30a-8839e8f6aa29	65c6e039-7ccb-4f84-9172-9929344c7b96	2024-12-06 04:07:44.381629	2024-12-06 04:07:44.381629
129a73ec-3e1b-4395-8883-cee6cbe46546	45139c9e-331a-4791-9a7c-d8a1b7220cc0	ac8e96a6-d7a0-43ee-8180-f7461ffff467	2024-12-06 18:32:19.67088	2024-12-06 18:32:19.67088
7819b558-70a0-4ae7-a9db-5275794c7a21	a2c3cccb-a4f0-418c-acfd-b5fd1de98dd5	8e8c60eb-75d8-4ca0-b5d6-39cc4a2bca91	2024-12-08 01:08:09.962279	2024-12-08 01:08:09.962279
92a81ae8-7272-4cc8-8d2a-743375a1addd	6e770440-d4b7-4b90-98c4-f9c31341e4ff	facb335f-9306-4a68-bddf-264ec32851d2	2024-12-08 21:06:46.066717	2024-12-08 21:06:46.066717
50dc03fc-b724-46ca-8cff-156281ef1411	3749b14c-a486-40c2-a87b-0b6b08bf2fe8	2dee5b05-be3b-4217-8fdd-baf46097fe1c	2024-12-09 01:47:18.535783	2024-12-09 01:47:18.535783
1515973d-899d-49f9-865b-7c0e9a83bce1	4afc7165-c5e9-4f8f-beb3-059340d9f946	f9f47fdf-125c-4870-9ca8-59e648bd5c08	2024-12-09 11:03:05.60713	2024-12-09 11:03:05.60713
6fc4c831-ad0a-473d-baf5-0a7879cbe513	a2c3cccb-a4f0-418c-acfd-b5fd1de98dd5	1ebccaa4-ed64-4fd5-a203-49ed596340e3	2024-12-10 12:47:03.806947	2024-12-10 12:47:03.806947
26b63aa8-007b-496b-aee9-38a473d1bc5a	6e770440-d4b7-4b90-98c4-f9c31341e4ff	ea1e820d-5df6-491e-be8e-26c37852497d	2024-12-10 22:14:23.574048	2024-12-10 22:14:23.574048
\.


--
-- Data for Name: prompt_copy; Type: TABLE DATA; Schema: public; Owner: rabbitr1
--

COPY public.prompt_copy (id, "promptId", "userId", "createdAt") FROM stdin;
4ba14193-6245-4a9f-879b-c8cd2ecc9362	b4cae0b2-38b7-4051-84b2-3e964bf39be8	5a3739cf-d7c8-4aa9-b7ec-109ed92e94c7	2024-11-19 21:48:29.997373
954867b5-e2b5-4af1-990c-b478ef63fdfb	b4cae0b2-38b7-4051-84b2-3e964bf39be8	7bb619a7-2fed-4880-a2eb-1feac8aa0a3b	2024-11-19 21:56:56.467851
0b8dfb4c-6bdf-4a47-a6db-f055d8c89b25	113f6d8f-55c2-44be-9931-e97af5daeb4f	5a3739cf-d7c8-4aa9-b7ec-109ed92e94c7	2024-11-19 22:02:21.829736
bc1ea35c-fdfa-43d9-b8c3-a6a240f4307f	c112a7a3-34bc-446c-9e8c-f1fb80f7d2ac	3c123c75-a4dc-44b1-bf02-dfdb0cebb745	2024-11-20 00:44:02.110568
cc4c5784-22d4-47c1-8455-f3cc7d90fae5	3749b14c-a486-40c2-a87b-0b6b08bf2fe8	02cee79f-0c3d-47a2-8d2e-59a6d0c64efe	2024-11-20 02:53:50.072453
3853ae63-2dd1-4868-9234-aa7f15adf861	e357b2ff-ec7c-4edc-9ef3-13a8e7c22cb0	5a3739cf-d7c8-4aa9-b7ec-109ed92e94c7	2024-11-20 05:05:30.112548
a80a4b31-6902-49ad-80c4-119dc9579b5f	3749b14c-a486-40c2-a87b-0b6b08bf2fe8	81ddfbbd-3c9e-420d-a12e-abcda7dc0ec7	2024-11-20 13:31:52.388776
38efb4da-4b37-41df-a607-f0d778a46aa2	e357b2ff-ec7c-4edc-9ef3-13a8e7c22cb0	71aa0778-a89a-4e76-8068-7bbad5848a01	2024-11-20 17:44:05.242572
778e9360-d296-4879-842b-073901a4b333	113f6d8f-55c2-44be-9931-e97af5daeb4f	71aa0778-a89a-4e76-8068-7bbad5848a01	2024-11-20 17:45:43.437042
21e76b16-cd6d-468f-929c-e06b145b9aaa	c112a7a3-34bc-446c-9e8c-f1fb80f7d2ac	3988479c-2370-4ada-bd51-a559c73f738b	2024-11-20 19:23:28.296416
81bf5df7-3721-4fb8-95c9-0b2b35f989aa	6e770440-d4b7-4b90-98c4-f9c31341e4ff	daeca8eb-0323-4f08-a9b9-b5d0e8b33c96	2024-11-22 01:22:15.231443
\.


--
-- Data for Name: prompt_likes; Type: TABLE DATA; Schema: public; Owner: rabbitr1
--

COPY public.prompt_likes (prompt_id, user_id) FROM stdin;
\.


--
-- Data for Name: prompt_metrics; Type: TABLE DATA; Schema: public; Owner: rabbitr1
--

COPY public.prompt_metrics (id, views, copies, rating, "createdAt", "updatedAt", "promptId", "userId") FROM stdin;
1	0	1	\N	2024-11-18 04:02:46.261482	2024-11-18 04:02:46.359514	\N	5a3739cf-d7c8-4aa9-b7ec-109ed92e94c7
62	1	0	\N	2024-11-22 06:03:46.226939	2024-11-22 06:03:46.297022	\N	5ea38866-5421-4aa9-a5da-7719cadb3f57
2	0	1	\N	2024-11-18 09:48:23.182251	2024-11-18 09:48:23.216568	\N	e2395c15-088a-472c-a89f-3c6cd651782a
3	0	1	\N	2024-11-18 09:50:56.169618	2024-11-18 09:50:56.184654	\N	e2395c15-088a-472c-a89f-3c6cd651782a
63	1	0	\N	2024-11-22 06:06:21.004456	2024-11-22 06:06:21.016083	\N	5ea38866-5421-4aa9-a5da-7719cadb3f57
4	0	1	\N	2024-11-18 09:50:56.78427	2024-11-18 09:50:56.796724	\N	e2395c15-088a-472c-a89f-3c6cd651782a
5	0	1	\N	2024-11-18 09:50:56.977595	2024-11-18 09:50:56.992216	\N	e2395c15-088a-472c-a89f-3c6cd651782a
64	1	0	\N	2024-11-22 06:14:59.159057	2024-11-22 06:14:59.191369	\N	5ea38866-5421-4aa9-a5da-7719cadb3f57
6	0	1	\N	2024-11-18 09:50:57.130318	2024-11-18 09:50:57.143345	\N	e2395c15-088a-472c-a89f-3c6cd651782a
7	0	1	\N	2024-11-18 09:50:57.32251	2024-11-18 09:50:57.341335	\N	e2395c15-088a-472c-a89f-3c6cd651782a
65	1	0	\N	2024-11-22 06:18:45.899549	2024-11-22 06:18:45.945257	\N	5ea38866-5421-4aa9-a5da-7719cadb3f57
8	0	1	\N	2024-11-18 09:50:57.515989	2024-11-18 09:50:57.530098	\N	e2395c15-088a-472c-a89f-3c6cd651782a
9	0	1	\N	2024-11-18 09:50:57.681784	2024-11-18 09:50:57.708513	\N	e2395c15-088a-472c-a89f-3c6cd651782a
66	1	0	\N	2024-11-22 06:36:14.433831	2024-11-22 06:36:14.664259	\N	5ea38866-5421-4aa9-a5da-7719cadb3f57
10	0	1	\N	2024-11-18 09:50:57.849303	2024-11-18 09:50:57.86096	\N	e2395c15-088a-472c-a89f-3c6cd651782a
11	0	1	\N	2024-11-18 09:50:58.013203	2024-11-18 09:50:58.0246	\N	e2395c15-088a-472c-a89f-3c6cd651782a
67	1	0	\N	2024-11-22 07:06:11.505582	2024-11-22 07:06:11.551117	\N	8e8c60eb-75d8-4ca0-b5d6-39cc4a2bca91
12	0	1	\N	2024-11-18 09:50:58.206934	2024-11-18 09:50:58.22438	\N	e2395c15-088a-472c-a89f-3c6cd651782a
13	0	1	\N	2024-11-18 09:50:58.373153	2024-11-18 09:50:58.409253	\N	e2395c15-088a-472c-a89f-3c6cd651782a
68	1	0	\N	2024-11-22 07:06:48.906018	2024-11-22 07:06:48.917788	\N	8e8c60eb-75d8-4ca0-b5d6-39cc4a2bca91
14	0	1	\N	2024-11-18 09:50:58.547999	2024-11-18 09:50:58.564483	\N	e2395c15-088a-472c-a89f-3c6cd651782a
15	0	1	\N	2024-11-18 09:50:58.713492	2024-11-18 09:50:58.725571	\N	e2395c15-088a-472c-a89f-3c6cd651782a
69	1	0	\N	2024-11-22 07:06:50.529187	2024-11-22 07:06:50.533463	\N	8e8c60eb-75d8-4ca0-b5d6-39cc4a2bca91
16	0	1	\N	2024-11-18 09:50:58.926868	2024-11-18 09:50:58.93852	\N	e2395c15-088a-472c-a89f-3c6cd651782a
17	0	1	\N	2024-11-18 09:50:59.045279	2024-11-18 09:50:59.056878	\N	e2395c15-088a-472c-a89f-3c6cd651782a
70	1	0	\N	2024-11-22 12:57:24.325774	2024-11-22 12:57:24.406847	\N	e4a06129-42fa-406b-a193-32194e95320a
18	0	1	\N	2024-11-18 09:50:59.244027	2024-11-18 09:50:59.266915	\N	e2395c15-088a-472c-a89f-3c6cd651782a
19	0	1	\N	2024-11-18 09:50:59.579984	2024-11-18 09:50:59.590927	\N	e2395c15-088a-472c-a89f-3c6cd651782a
71	1	0	\N	2024-11-22 12:58:03.680848	2024-11-22 12:58:03.688818	\N	5a3739cf-d7c8-4aa9-b7ec-109ed92e94c7
20	0	1	\N	2024-11-18 09:51:03.350539	2024-11-18 09:51:03.389067	\N	e2395c15-088a-472c-a89f-3c6cd651782a
21	0	1	\N	2024-11-18 17:35:51.962318	2024-11-18 17:35:52.003342	\N	3c123c75-a4dc-44b1-bf02-dfdb0cebb745
72	1	0	\N	2024-11-22 12:58:15.066696	2024-11-22 12:58:15.073294	\N	e4a06129-42fa-406b-a193-32194e95320a
22	0	1	\N	2024-11-18 19:09:07.187488	2024-11-18 19:09:07.241304	\N	a488c927-0426-4f3f-a6bc-f6bed79e862a
23	0	1	\N	2024-11-18 20:38:27.589106	2024-11-18 20:38:27.757697	\N	5a3739cf-d7c8-4aa9-b7ec-109ed92e94c7
73	1	0	\N	2024-11-22 12:58:27.721762	2024-11-22 12:58:27.74765	\N	e4a06129-42fa-406b-a193-32194e95320a
24	0	1	\N	2024-11-19 14:12:08.504431	2024-11-19 14:12:08.582488	\N	7bb619a7-2fed-4880-a2eb-1feac8aa0a3b
25	0	1	\N	2024-11-19 16:32:42.202014	2024-11-19 16:32:42.271289	\N	e4a06129-42fa-406b-a193-32194e95320a
74	1	0	\N	2024-11-22 12:58:32.916429	2024-11-22 12:58:32.923421	\N	e4a06129-42fa-406b-a193-32194e95320a
26	0	1	\N	2024-11-19 16:32:42.701898	2024-11-19 16:32:42.715814	\N	e4a06129-42fa-406b-a193-32194e95320a
27	1	0	\N	2024-11-22 04:18:21.230103	2024-11-22 04:18:21.611619	\N	f1737c6c-8d59-45da-a32d-128982388900
75	1	0	\N	2024-11-22 12:58:36.735422	2024-11-22 12:58:36.7429	\N	e4a06129-42fa-406b-a193-32194e95320a
28	1	0	\N	2024-11-22 04:21:07.895083	2024-11-22 04:21:07.915866	\N	a488c927-0426-4f3f-a6bc-f6bed79e862a
29	1	0	\N	2024-11-22 04:21:17.428573	2024-11-22 04:21:17.717612	\N	a488c927-0426-4f3f-a6bc-f6bed79e862a
76	1	0	\N	2024-11-22 12:58:37.546935	2024-11-22 12:58:37.555019	\N	e4a06129-42fa-406b-a193-32194e95320a
30	1	0	\N	2024-11-22 04:21:31.649033	2024-11-22 04:21:31.662682	\N	a488c927-0426-4f3f-a6bc-f6bed79e862a
31	1	0	\N	2024-11-22 04:21:36.003504	2024-11-22 04:21:36.014839	\N	a488c927-0426-4f3f-a6bc-f6bed79e862a
77	1	0	\N	2024-11-22 12:59:01.146164	2024-11-22 12:59:01.156498	\N	e2395c15-088a-472c-a89f-3c6cd651782a
32	1	0	\N	2024-11-22 04:21:44.220399	2024-11-22 04:21:44.23116	\N	a488c927-0426-4f3f-a6bc-f6bed79e862a
33	1	0	\N	2024-11-22 04:21:46.940266	2024-11-22 04:21:46.949343	\N	a488c927-0426-4f3f-a6bc-f6bed79e862a
78	1	0	\N	2024-11-22 12:59:46.607527	2024-11-22 12:59:46.616444	\N	e4a06129-42fa-406b-a193-32194e95320a
34	1	0	\N	2024-11-22 04:32:09.723328	2024-11-22 04:32:09.754898	\N	5a3739cf-d7c8-4aa9-b7ec-109ed92e94c7
35	1	0	\N	2024-11-22 04:32:47.251683	2024-11-22 04:32:47.263616	\N	5a3739cf-d7c8-4aa9-b7ec-109ed92e94c7
79	1	0	\N	2024-11-22 16:01:57.248374	2024-11-22 16:01:57.687853	\N	120131d8-1b18-4c68-ab8d-8deff2a6a3f4
36	1	0	\N	2024-11-22 04:33:38.067424	2024-11-22 04:33:38.131476	\N	5a3739cf-d7c8-4aa9-b7ec-109ed92e94c7
37	1	0	\N	2024-11-22 04:35:07.570049	2024-11-22 04:35:07.576936	\N	5a3739cf-d7c8-4aa9-b7ec-109ed92e94c7
80	1	0	\N	2024-11-22 16:02:16.803636	2024-11-22 16:02:16.811461	\N	120131d8-1b18-4c68-ab8d-8deff2a6a3f4
38	1	0	\N	2024-11-22 04:35:45.35533	2024-11-22 04:35:45.598027	\N	5a3739cf-d7c8-4aa9-b7ec-109ed92e94c7
39	1	0	\N	2024-11-22 04:38:56.726782	2024-11-22 04:38:56.747132	\N	5a3739cf-d7c8-4aa9-b7ec-109ed92e94c7
81	1	0	\N	2024-11-22 16:31:08.269297	2024-11-22 16:31:08.288255	\N	c455daac-34ea-4fdb-9142-5405580307d5
40	1	0	\N	2024-11-22 04:40:12.948387	2024-11-22 04:40:12.963939	\N	5a3739cf-d7c8-4aa9-b7ec-109ed92e94c7
41	1	0	\N	2024-11-22 04:40:17.341781	2024-11-22 04:40:17.353699	\N	5a3739cf-d7c8-4aa9-b7ec-109ed92e94c7
82	1	0	\N	2024-11-22 16:31:20.323913	2024-11-22 16:31:20.334365	\N	c455daac-34ea-4fdb-9142-5405580307d5
42	1	0	\N	2024-11-22 04:51:11.194351	2024-11-22 04:51:11.287298	\N	daeca8eb-0323-4f08-a9b9-b5d0e8b33c96
43	1	0	\N	2024-11-22 04:51:15.259805	2024-11-22 04:51:15.62564	\N	daeca8eb-0323-4f08-a9b9-b5d0e8b33c96
83	1	0	\N	2024-11-22 16:33:32.369262	2024-11-22 16:33:32.409363	\N	c455daac-34ea-4fdb-9142-5405580307d5
44	1	0	\N	2024-11-22 04:52:58.111202	2024-11-22 04:52:58.120186	\N	daeca8eb-0323-4f08-a9b9-b5d0e8b33c96
45	1	0	\N	2024-11-22 04:53:49.224162	2024-11-22 04:53:49.6427	\N	daeca8eb-0323-4f08-a9b9-b5d0e8b33c96
84	1	0	\N	2024-11-22 16:34:03.652383	2024-11-22 16:34:03.658613	\N	c455daac-34ea-4fdb-9142-5405580307d5
46	1	0	\N	2024-11-22 04:54:02.49372	2024-11-22 04:54:02.503045	\N	daeca8eb-0323-4f08-a9b9-b5d0e8b33c96
47	1	0	\N	2024-11-22 04:55:45.13703	2024-11-22 04:55:45.147768	\N	daeca8eb-0323-4f08-a9b9-b5d0e8b33c96
85	1	0	\N	2024-11-22 16:39:02.369652	2024-11-22 16:39:02.399383	\N	c455daac-34ea-4fdb-9142-5405580307d5
48	1	0	\N	2024-11-22 04:56:43.988582	2024-11-22 04:56:44.252392	\N	daeca8eb-0323-4f08-a9b9-b5d0e8b33c96
49	1	0	\N	2024-11-22 04:56:59.248414	2024-11-22 04:56:59.452128	\N	daeca8eb-0323-4f08-a9b9-b5d0e8b33c96
86	1	0	\N	2024-11-22 16:42:00.448877	2024-11-22 16:42:00.456	\N	c455daac-34ea-4fdb-9142-5405580307d5
50	1	0	\N	2024-11-22 04:59:02.598684	2024-11-22 04:59:03.652651	\N	e4a06129-42fa-406b-a193-32194e95320a
51	1	0	\N	2024-11-22 04:59:21.21701	2024-11-22 04:59:21.226376	\N	e4a06129-42fa-406b-a193-32194e95320a
87	1	0	\N	2024-11-22 16:42:34.492489	2024-11-22 16:42:34.502314	\N	c455daac-34ea-4fdb-9142-5405580307d5
52	1	0	\N	2024-11-22 05:00:31.93959	2024-11-22 05:00:33.13591	\N	e4a06129-42fa-406b-a193-32194e95320a
53	1	0	\N	2024-11-22 05:01:03.689405	2024-11-22 05:01:05.020595	\N	e4a06129-42fa-406b-a193-32194e95320a
88	1	0	\N	2024-11-22 16:42:39.05685	2024-11-22 16:42:39.098856	\N	c455daac-34ea-4fdb-9142-5405580307d5
54	1	0	\N	2024-11-22 05:02:12.82052	2024-11-22 05:02:13.911698	\N	e4a06129-42fa-406b-a193-32194e95320a
55	1	0	\N	2024-11-22 05:04:01.374767	2024-11-22 05:04:02.429895	\N	e4a06129-42fa-406b-a193-32194e95320a
89	1	0	\N	2024-11-22 16:48:11.947515	2024-11-22 16:48:11.969067	\N	c455daac-34ea-4fdb-9142-5405580307d5
56	1	0	\N	2024-11-22 05:04:14.100598	2024-11-22 05:04:15.304354	\N	e4a06129-42fa-406b-a193-32194e95320a
57	1	0	\N	2024-11-22 05:30:03.790087	2024-11-22 05:30:03.88829	\N	5ea38866-5421-4aa9-a5da-7719cadb3f57
90	1	0	\N	2024-11-22 16:48:29.945512	2024-11-22 16:48:29.978529	\N	c455daac-34ea-4fdb-9142-5405580307d5
58	1	0	\N	2024-11-22 05:31:41.936394	2024-11-22 05:31:41.94717	\N	5ea38866-5421-4aa9-a5da-7719cadb3f57
59	1	0	\N	2024-11-22 05:32:13.465723	2024-11-22 05:32:13.476233	\N	5ea38866-5421-4aa9-a5da-7719cadb3f57
91	1	0	\N	2024-11-22 19:09:56.568797	2024-11-22 19:09:56.639109	\N	3722e5aa-a63c-4712-ada7-c33041de696e
60	1	0	\N	2024-11-22 05:32:14.935058	2024-11-22 05:32:14.943774	\N	5ea38866-5421-4aa9-a5da-7719cadb3f57
61	1	0	\N	2024-11-22 05:57:09.782158	2024-11-22 05:57:09.80746	\N	5ea38866-5421-4aa9-a5da-7719cadb3f57
92	1	0	\N	2024-11-22 19:10:06.281911	2024-11-22 19:10:06.288574	\N	3722e5aa-a63c-4712-ada7-c33041de696e
93	1	0	\N	2024-11-22 19:12:00.45631	2024-11-22 19:12:00.464423	\N	3722e5aa-a63c-4712-ada7-c33041de696e
94	1	0	\N	2024-11-22 19:12:15.641524	2024-11-22 19:12:15.655381	\N	3722e5aa-a63c-4712-ada7-c33041de696e
95	1	0	\N	2024-11-22 19:13:01.824946	2024-11-22 19:13:01.835035	\N	3722e5aa-a63c-4712-ada7-c33041de696e
96	1	0	\N	2024-11-22 19:13:02.304408	2024-11-22 19:13:02.311118	\N	3722e5aa-a63c-4712-ada7-c33041de696e
97	1	0	\N	2024-11-22 19:26:59.571364	2024-11-22 19:26:59.787504	\N	5a3739cf-d7c8-4aa9-b7ec-109ed92e94c7
98	1	0	\N	2024-11-22 20:16:18.937155	2024-11-22 20:16:18.997877	\N	0c9c02c5-b784-47ca-8fe4-9b60be6d87e1
99	1	0	\N	2024-11-22 20:20:32.574151	2024-11-22 20:20:32.730928	\N	0c9c02c5-b784-47ca-8fe4-9b60be6d87e1
100	1	0	\N	2024-11-22 21:03:28.834122	2024-11-22 21:03:29.31926	\N	15677ada-84d5-4ddf-995f-7a94b9ea9e7d
101	1	0	\N	2024-11-22 21:05:03.428598	2024-11-22 21:05:03.788256	\N	15677ada-84d5-4ddf-995f-7a94b9ea9e7d
102	1	0	\N	2024-11-22 21:05:40.63522	2024-11-22 21:05:40.64385	\N	15677ada-84d5-4ddf-995f-7a94b9ea9e7d
103	1	0	\N	2024-11-22 21:48:11.898035	2024-11-22 21:48:11.934195	\N	15677ada-84d5-4ddf-995f-7a94b9ea9e7d
104	1	0	\N	2024-11-23 00:33:05.434777	2024-11-23 00:33:05.849277	\N	120131d8-1b18-4c68-ab8d-8deff2a6a3f4
105	1	0	\N	2024-11-23 06:30:33.819575	2024-11-23 06:30:33.849145	\N	e4a06129-42fa-406b-a193-32194e95320a
106	1	0	\N	2024-11-23 06:31:26.930035	2024-11-23 06:31:26.938192	\N	e4a06129-42fa-406b-a193-32194e95320a
136	1	0	\N	2024-11-23 17:36:31.143253	2024-11-23 17:36:31.15829	\N	e57b6914-39f7-4e41-b9e3-4008923e69f7
107	1	0	\N	2024-11-23 06:41:31.561383	2024-11-23 06:41:31.594836	\N	56d8e96b-7afe-45f7-8129-19928ef42a38
108	1	0	\N	2024-11-23 11:16:27.627112	2024-11-23 11:16:27.635379	\N	a332322c-4547-4920-b804-c802794e03fd
137	1	0	\N	2024-11-23 17:36:54.241026	2024-11-23 17:36:54.525132	\N	e57b6914-39f7-4e41-b9e3-4008923e69f7
109	1	0	\N	2024-11-23 11:16:35.72651	2024-11-23 11:16:35.733806	\N	a332322c-4547-4920-b804-c802794e03fd
110	1	0	\N	2024-11-23 11:17:27.234171	2024-11-23 11:17:27.24282	\N	a332322c-4547-4920-b804-c802794e03fd
138	1	0	\N	2024-11-23 17:37:12.943864	2024-11-23 17:37:12.951049	\N	e57b6914-39f7-4e41-b9e3-4008923e69f7
111	1	0	\N	2024-11-23 11:18:21.825951	2024-11-23 11:18:21.834821	\N	a332322c-4547-4920-b804-c802794e03fd
112	1	0	\N	2024-11-23 11:19:10.321473	2024-11-23 11:19:10.417188	\N	a332322c-4547-4920-b804-c802794e03fd
139	1	0	\N	2024-11-23 17:41:25.064492	2024-11-23 17:41:25.081864	\N	e57b6914-39f7-4e41-b9e3-4008923e69f7
113	1	0	\N	2024-11-23 11:20:31.861313	2024-11-23 11:20:31.867597	\N	a332322c-4547-4920-b804-c802794e03fd
114	1	0	\N	2024-11-23 11:30:37.194133	2024-11-23 11:30:37.21231	\N	a332322c-4547-4920-b804-c802794e03fd
140	1	0	\N	2024-11-23 17:42:04.886991	2024-11-23 17:42:05.007654	\N	e57b6914-39f7-4e41-b9e3-4008923e69f7
115	1	0	\N	2024-11-23 16:24:35.733488	2024-11-23 16:24:35.776703	\N	e57b6914-39f7-4e41-b9e3-4008923e69f7
116	1	0	\N	2024-11-23 16:25:07.933455	2024-11-23 16:25:07.942612	\N	e57b6914-39f7-4e41-b9e3-4008923e69f7
141	1	0	\N	2024-11-23 17:54:10.06252	2024-11-23 17:54:10.322762	\N	e57b6914-39f7-4e41-b9e3-4008923e69f7
117	1	0	\N	2024-11-23 16:25:26.526344	2024-11-23 16:25:26.537455	\N	e57b6914-39f7-4e41-b9e3-4008923e69f7
118	1	0	\N	2024-11-23 16:25:33.1332	2024-11-23 16:25:33.140728	\N	e57b6914-39f7-4e41-b9e3-4008923e69f7
142	1	0	\N	2024-11-23 17:59:02.202643	2024-11-23 17:59:02.237936	\N	e57b6914-39f7-4e41-b9e3-4008923e69f7
119	1	0	\N	2024-11-23 16:25:42.242458	2024-11-23 16:25:42.249658	\N	e57b6914-39f7-4e41-b9e3-4008923e69f7
120	1	0	\N	2024-11-23 16:29:17.430321	2024-11-23 16:29:17.505108	\N	e57b6914-39f7-4e41-b9e3-4008923e69f7
143	1	0	\N	2024-11-23 17:59:08.300352	2024-11-23 17:59:08.307156	\N	e57b6914-39f7-4e41-b9e3-4008923e69f7
121	1	0	\N	2024-11-23 16:30:06.147653	2024-11-23 16:30:06.157784	\N	e57b6914-39f7-4e41-b9e3-4008923e69f7
122	1	0	\N	2024-11-23 16:31:09.947607	2024-11-23 16:31:10.383838	\N	e57b6914-39f7-4e41-b9e3-4008923e69f7
144	1	0	\N	2024-11-23 17:59:28.530032	2024-11-23 17:59:28.53986	\N	e57b6914-39f7-4e41-b9e3-4008923e69f7
123	1	0	\N	2024-11-23 16:31:30.435146	2024-11-23 16:31:30.44846	\N	e57b6914-39f7-4e41-b9e3-4008923e69f7
124	1	0	\N	2024-11-23 17:06:24.399914	2024-11-23 17:06:24.513176	\N	e57b6914-39f7-4e41-b9e3-4008923e69f7
145	1	0	\N	2024-11-23 17:59:55.059505	2024-11-23 17:59:55.0682	\N	e57b6914-39f7-4e41-b9e3-4008923e69f7
125	1	0	\N	2024-11-23 17:21:22.006508	2024-11-23 17:21:22.1968	\N	e57b6914-39f7-4e41-b9e3-4008923e69f7
126	1	0	\N	2024-11-23 17:26:47.193232	2024-11-23 17:26:47.209585	\N	e57b6914-39f7-4e41-b9e3-4008923e69f7
146	1	0	\N	2024-11-23 18:11:35.438913	2024-11-23 18:11:35.457869	\N	120131d8-1b18-4c68-ab8d-8deff2a6a3f4
127	1	0	\N	2024-11-23 17:26:57.916996	2024-11-23 17:26:57.92409	\N	e57b6914-39f7-4e41-b9e3-4008923e69f7
128	1	0	\N	2024-11-23 17:27:33.293915	2024-11-23 17:27:33.319864	\N	e57b6914-39f7-4e41-b9e3-4008923e69f7
147	1	0	\N	2024-11-23 18:14:53.107335	2024-11-23 18:14:53.193473	\N	e57b6914-39f7-4e41-b9e3-4008923e69f7
129	1	0	\N	2024-11-23 17:27:41.423156	2024-11-23 17:27:41.430587	\N	e57b6914-39f7-4e41-b9e3-4008923e69f7
130	1	0	\N	2024-11-23 17:28:23.918139	2024-11-23 17:28:24.399962	\N	e57b6914-39f7-4e41-b9e3-4008923e69f7
148	1	0	\N	2024-11-23 18:16:48.934792	2024-11-23 18:16:48.945798	\N	e57b6914-39f7-4e41-b9e3-4008923e69f7
131	1	0	\N	2024-11-23 17:30:07.760945	2024-11-23 17:30:08.085109	\N	e57b6914-39f7-4e41-b9e3-4008923e69f7
132	1	0	\N	2024-11-23 17:33:15.458735	2024-11-23 17:33:15.467546	\N	e57b6914-39f7-4e41-b9e3-4008923e69f7
149	1	0	\N	2024-11-24 00:09:11.59331	2024-11-24 00:09:11.66592	\N	8e8c60eb-75d8-4ca0-b5d6-39cc4a2bca91
133	1	0	\N	2024-11-23 17:33:24.335121	2024-11-23 17:33:24.344389	\N	e57b6914-39f7-4e41-b9e3-4008923e69f7
134	1	0	\N	2024-11-23 17:33:27.333119	2024-11-23 17:33:27.340995	\N	e57b6914-39f7-4e41-b9e3-4008923e69f7
150	1	0	\N	2024-11-24 00:09:30.785614	2024-11-24 00:09:30.796684	\N	8e8c60eb-75d8-4ca0-b5d6-39cc4a2bca91
135	1	0	\N	2024-11-23 17:33:46.946772	2024-11-23 17:33:46.955712	\N	e57b6914-39f7-4e41-b9e3-4008923e69f7
151	1	0	\N	2024-11-24 00:09:31.929321	2024-11-24 00:09:31.937809	\N	8e8c60eb-75d8-4ca0-b5d6-39cc4a2bca91
152	1	0	\N	2024-11-24 00:09:59.827013	2024-11-24 00:09:59.882327	\N	8e8c60eb-75d8-4ca0-b5d6-39cc4a2bca91
153	1	0	\N	2024-11-24 00:10:00.730609	2024-11-24 00:10:00.739703	\N	8e8c60eb-75d8-4ca0-b5d6-39cc4a2bca91
154	1	0	\N	2024-11-24 00:10:02.296185	2024-11-24 00:10:02.304377	\N	8e8c60eb-75d8-4ca0-b5d6-39cc4a2bca91
155	1	0	\N	2024-11-24 00:12:21.203967	2024-11-24 00:12:21.357802	\N	8e8c60eb-75d8-4ca0-b5d6-39cc4a2bca91
156	1	0	\N	2024-11-24 00:12:56.865404	2024-11-24 00:12:56.87628	\N	8e8c60eb-75d8-4ca0-b5d6-39cc4a2bca91
157	1	0	\N	2024-11-24 00:12:58.276573	2024-11-24 00:12:58.280894	\N	8e8c60eb-75d8-4ca0-b5d6-39cc4a2bca91
158	1	0	\N	2024-11-24 00:13:02.549814	2024-11-24 00:13:02.587727	\N	8e8c60eb-75d8-4ca0-b5d6-39cc4a2bca91
159	1	0	\N	2024-11-24 00:19:22.138701	2024-11-24 00:19:22.21009	\N	8e8c60eb-75d8-4ca0-b5d6-39cc4a2bca91
160	1	0	\N	2024-11-24 00:20:37.401165	2024-11-24 00:20:37.410908	\N	8e8c60eb-75d8-4ca0-b5d6-39cc4a2bca91
161	1	0	\N	2024-11-24 00:20:39.028968	2024-11-24 00:20:39.036286	\N	8e8c60eb-75d8-4ca0-b5d6-39cc4a2bca91
162	1	0	\N	2024-11-24 00:20:44.2895	2024-11-24 00:20:44.298826	\N	8e8c60eb-75d8-4ca0-b5d6-39cc4a2bca91
163	1	0	\N	2024-11-24 03:48:25.643465	2024-11-24 03:48:25.650777	\N	a332322c-4547-4920-b804-c802794e03fd
164	1	0	\N	2024-11-24 05:00:07.319162	2024-11-24 05:00:07.329917	\N	ea068196-1434-4455-b7e0-da68d4018499
165	1	0	\N	2024-11-24 05:00:27.314178	2024-11-24 05:00:27.324458	\N	ea068196-1434-4455-b7e0-da68d4018499
166	1	0	\N	2024-11-24 11:56:17.739788	2024-11-24 11:56:18.036234	\N	e4a06129-42fa-406b-a193-32194e95320a
167	1	0	\N	2024-11-24 12:02:55.041582	2024-11-24 12:02:55.052153	\N	e4a06129-42fa-406b-a193-32194e95320a
168	1	0	\N	2024-11-24 14:05:23.974772	2024-11-24 14:05:24.066929	\N	e4a06129-42fa-406b-a193-32194e95320a
169	1	0	\N	2024-11-24 15:10:43.00031	2024-11-24 15:10:43.010089	\N	5c3dc746-d30c-4655-bc15-ac64d84a7c17
170	1	0	\N	2024-11-24 21:15:08.869794	2024-11-24 21:15:09.217313	\N	cc818637-3ca5-43e0-9d68-a13da8f902c3
171	1	0	\N	2024-11-24 21:15:24.792266	2024-11-24 21:15:24.800294	\N	cc818637-3ca5-43e0-9d68-a13da8f902c3
172	1	0	\N	2024-11-24 21:15:29.195237	2024-11-24 21:15:29.260842	\N	cc818637-3ca5-43e0-9d68-a13da8f902c3
173	1	0	\N	2024-11-24 21:15:50.611634	2024-11-24 21:15:50.622052	\N	cc818637-3ca5-43e0-9d68-a13da8f902c3
174	1	0	\N	2024-11-24 23:09:18.522113	2024-11-24 23:09:18.536662	\N	35b641eb-5377-4432-bb55-a23e06f81422
175	1	0	\N	2024-11-24 23:37:39.599325	2024-11-24 23:37:39.780355	\N	a332322c-4547-4920-b804-c802794e03fd
176	1	0	\N	2024-11-24 23:37:59.955169	2024-11-24 23:37:59.983334	\N	a332322c-4547-4920-b804-c802794e03fd
177	1	0	\N	2024-11-24 23:38:44.060455	2024-11-24 23:38:44.07058	\N	a332322c-4547-4920-b804-c802794e03fd
178	1	0	\N	2024-11-24 23:38:44.769732	2024-11-24 23:38:44.778171	\N	a332322c-4547-4920-b804-c802794e03fd
179	1	0	\N	2024-11-24 23:44:50.450461	2024-11-24 23:44:50.63781	\N	71ace611-fa47-435a-bb8b-d83f4fd7b3b4
180	1	0	\N	2024-11-25 05:58:58.374651	2024-11-25 05:58:58.384356	\N	fba4c2ab-61fc-4aaf-9fec-71da8a6a00b0
181	1	0	\N	2024-11-25 05:59:11.278038	2024-11-25 05:59:11.720275	\N	fba4c2ab-61fc-4aaf-9fec-71da8a6a00b0
182	1	0	\N	2024-11-25 05:59:39.949134	2024-11-25 05:59:40.304196	\N	fba4c2ab-61fc-4aaf-9fec-71da8a6a00b0
183	1	0	\N	2024-11-25 05:59:42.589179	2024-11-25 05:59:42.875218	\N	fba4c2ab-61fc-4aaf-9fec-71da8a6a00b0
184	1	0	\N	2024-11-25 06:00:29.295908	2024-11-25 06:00:29.330558	\N	fba4c2ab-61fc-4aaf-9fec-71da8a6a00b0
185	1	0	\N	2024-11-25 06:00:43.137684	2024-11-25 06:00:43.143003	\N	fba4c2ab-61fc-4aaf-9fec-71da8a6a00b0
186	1	0	\N	2024-11-25 08:52:44.408036	2024-11-25 08:52:44.539734	\N	34a176c8-eb9a-4669-b3a6-93bfab2bdf52
187	1	0	\N	2024-11-25 08:54:21.177712	2024-11-25 08:54:21.438126	\N	34a176c8-eb9a-4669-b3a6-93bfab2bdf52
188	1	0	\N	2024-11-25 08:54:26.505099	2024-11-25 08:54:26.851696	\N	34a176c8-eb9a-4669-b3a6-93bfab2bdf52
189	1	0	\N	2024-11-25 09:07:01.786094	2024-11-25 09:07:01.795098	\N	34a176c8-eb9a-4669-b3a6-93bfab2bdf52
190	1	0	\N	2024-11-25 09:07:18.814121	2024-11-25 09:07:18.823247	\N	34a176c8-eb9a-4669-b3a6-93bfab2bdf52
191	1	0	\N	2024-11-25 10:55:37.234414	2024-11-25 10:55:37.324411	\N	ad990c5a-d946-43a7-9148-9f93d69daa42
192	1	0	\N	2024-11-25 10:56:54.703214	2024-11-25 10:56:54.71828	\N	ad990c5a-d946-43a7-9148-9f93d69daa42
193	1	0	\N	2024-11-25 10:56:55.358541	2024-11-25 10:56:55.420514	\N	ad990c5a-d946-43a7-9148-9f93d69daa42
194	1	0	\N	2024-11-25 10:57:02.142667	2024-11-25 10:57:02.151095	\N	ad990c5a-d946-43a7-9148-9f93d69daa42
195	1	0	\N	2024-11-25 10:57:38.933692	2024-11-25 10:57:38.944057	\N	ad990c5a-d946-43a7-9148-9f93d69daa42
196	1	0	\N	2024-11-25 10:58:01.045014	2024-11-25 10:58:01.055549	\N	ad990c5a-d946-43a7-9148-9f93d69daa42
197	1	0	\N	2024-11-25 10:58:31.252331	2024-11-25 10:58:31.386927	\N	ad990c5a-d946-43a7-9148-9f93d69daa42
198	1	0	\N	2024-11-25 10:58:37.181952	2024-11-25 10:58:37.18959	\N	ad990c5a-d946-43a7-9148-9f93d69daa42
199	1	0	\N	2024-11-25 10:58:43.558348	2024-11-25 10:58:43.565918	\N	ad990c5a-d946-43a7-9148-9f93d69daa42
200	1	0	\N	2024-11-25 10:58:49.761937	2024-11-25 10:58:49.797362	\N	ad990c5a-d946-43a7-9148-9f93d69daa42
201	1	0	\N	2024-11-25 10:58:52.279788	2024-11-25 10:58:52.288277	\N	ad990c5a-d946-43a7-9148-9f93d69daa42
202	1	0	\N	2024-11-25 10:59:13.936389	2024-11-25 10:59:14.325666	\N	ad990c5a-d946-43a7-9148-9f93d69daa42
203	1	0	\N	2024-11-25 10:59:18.646659	2024-11-25 10:59:18.925596	\N	ad990c5a-d946-43a7-9148-9f93d69daa42
204	1	0	\N	2024-11-25 10:59:23.539508	2024-11-25 10:59:24.070298	\N	ad990c5a-d946-43a7-9148-9f93d69daa42
205	1	0	\N	2024-11-25 10:59:59.414807	2024-11-25 10:59:59.820865	\N	ad990c5a-d946-43a7-9148-9f93d69daa42
206	1	0	\N	2024-11-25 11:00:08.508306	2024-11-25 11:00:09.063426	\N	ad990c5a-d946-43a7-9148-9f93d69daa42
207	1	0	\N	2024-11-25 11:00:27.260063	2024-11-25 11:00:27.277915	\N	ad990c5a-d946-43a7-9148-9f93d69daa42
230	1	0	\N	2024-11-25 18:41:05.126342	2024-11-25 18:41:05.177523	\N	d2fe8426-2019-4297-934a-0d09e8dc0a17
208	1	0	\N	2024-11-25 11:04:44.426027	2024-11-25 11:04:44.433205	\N	ad990c5a-d946-43a7-9148-9f93d69daa42
349	1	0	\N	2024-12-04 11:08:49.004213	2024-12-04 11:08:49.016981	\N	c5247aad-c5c3-4133-b162-50acc686e316
209	1	0	\N	2024-11-25 11:04:46.964788	2024-11-25 11:04:46.972962	\N	ad990c5a-d946-43a7-9148-9f93d69daa42
231	1	0	\N	2024-11-25 19:15:13.528216	2024-11-25 19:15:13.539654	\N	d2fe8426-2019-4297-934a-0d09e8dc0a17
210	1	0	\N	2024-11-25 11:06:00.436307	2024-11-25 11:06:01.221089	\N	ad990c5a-d946-43a7-9148-9f93d69daa42
211	1	0	\N	2024-11-25 11:06:00.730984	2024-11-25 11:06:01.225029	\N	ad990c5a-d946-43a7-9148-9f93d69daa42
232	1	0	\N	2024-11-25 21:06:52.705525	2024-11-25 21:06:52.997568	\N	0524e568-3026-4202-ba59-37c298357b93
212	1	0	\N	2024-11-25 16:41:00.007544	2024-11-25 16:41:00.016583	\N	d2fe8426-2019-4297-934a-0d09e8dc0a17
213	1	0	\N	2024-11-25 16:41:03.961421	2024-11-25 16:41:03.96759	\N	d2fe8426-2019-4297-934a-0d09e8dc0a17
233	1	0	\N	2024-11-25 21:08:59.722569	2024-11-25 21:08:59.731325	\N	0524e568-3026-4202-ba59-37c298357b93
214	1	0	\N	2024-11-25 16:41:57.549037	2024-11-25 16:41:57.55621	\N	d2fe8426-2019-4297-934a-0d09e8dc0a17
215	1	0	\N	2024-11-25 17:49:54.329661	2024-11-25 17:49:54.340401	\N	5a3739cf-d7c8-4aa9-b7ec-109ed92e94c7
234	1	0	\N	2024-11-25 21:09:55.591078	2024-11-25 21:09:55.631752	\N	0524e568-3026-4202-ba59-37c298357b93
216	1	0	\N	2024-11-25 17:49:59.207715	2024-11-25 17:49:59.215407	\N	5a3739cf-d7c8-4aa9-b7ec-109ed92e94c7
217	1	0	\N	2024-11-25 17:50:31.886238	2024-11-25 17:50:31.904917	\N	003b513b-130d-432d-a6a7-4982e5873cf3
235	1	0	\N	2024-11-25 21:21:24.368462	2024-11-25 21:21:24.433577	\N	0524e568-3026-4202-ba59-37c298357b93
218	1	0	\N	2024-11-25 17:51:01.15205	2024-11-25 17:51:01.158901	\N	5a3739cf-d7c8-4aa9-b7ec-109ed92e94c7
219	1	0	\N	2024-11-25 17:51:58.049863	2024-11-25 17:51:58.061489	\N	5a3739cf-d7c8-4aa9-b7ec-109ed92e94c7
236	1	0	\N	2024-11-25 21:21:42.316271	2024-11-25 21:21:42.325928	\N	0524e568-3026-4202-ba59-37c298357b93
220	1	0	\N	2024-11-25 17:52:07.192473	2024-11-25 17:52:07.199263	\N	003b513b-130d-432d-a6a7-4982e5873cf3
221	1	0	\N	2024-11-25 17:52:11.127309	2024-11-25 17:52:11.217211	\N	003b513b-130d-432d-a6a7-4982e5873cf3
237	1	0	\N	2024-11-25 21:22:50.69629	2024-11-25 21:22:50.702007	\N	0524e568-3026-4202-ba59-37c298357b93
222	1	0	\N	2024-11-25 17:54:10.421725	2024-11-25 17:54:10.440044	\N	003b513b-130d-432d-a6a7-4982e5873cf3
223	1	0	\N	2024-11-25 17:55:55.988969	2024-11-25 17:55:56.0493	\N	003b513b-130d-432d-a6a7-4982e5873cf3
238	1	0	\N	2024-11-25 21:24:14.509951	2024-11-25 21:24:14.525207	\N	0524e568-3026-4202-ba59-37c298357b93
224	1	0	\N	2024-11-25 17:56:53.325975	2024-11-25 17:56:53.336149	\N	003b513b-130d-432d-a6a7-4982e5873cf3
225	1	0	\N	2024-11-25 17:57:11.269991	2024-11-25 17:57:11.278278	\N	003b513b-130d-432d-a6a7-4982e5873cf3
239	1	0	\N	2024-11-25 21:24:39.583675	2024-11-25 21:24:39.59394	\N	0524e568-3026-4202-ba59-37c298357b93
226	1	0	\N	2024-11-25 17:57:20.589644	2024-11-25 17:57:20.596975	\N	003b513b-130d-432d-a6a7-4982e5873cf3
227	1	0	\N	2024-11-25 18:25:41.053153	2024-11-25 18:25:41.250815	\N	451fe2d6-19f9-4add-9e87-4947e22a615d
240	1	0	\N	2024-11-25 21:24:53.169353	2024-11-25 21:24:53.312069	\N	0524e568-3026-4202-ba59-37c298357b93
228	1	0	\N	2024-11-25 18:26:11.010349	2024-11-25 18:26:11.025388	\N	451fe2d6-19f9-4add-9e87-4947e22a615d
229	1	0	\N	2024-11-25 18:26:14.475702	2024-11-25 18:26:14.483033	\N	451fe2d6-19f9-4add-9e87-4947e22a615d
241	1	0	\N	2024-11-25 22:37:33.471255	2024-11-25 22:37:33.90815	\N	e3aab0b1-68c1-435f-931d-c433a9a8be6e
242	1	0	\N	2024-11-25 22:37:43.202104	2024-11-25 22:37:43.532644	\N	e3aab0b1-68c1-435f-931d-c433a9a8be6e
243	1	0	\N	2024-11-25 22:38:10.075152	2024-11-25 22:38:10.302494	\N	e3aab0b1-68c1-435f-931d-c433a9a8be6e
244	1	0	\N	2024-11-26 00:41:04.65334	2024-11-26 00:41:04.784484	\N	f1737c6c-8d59-45da-a32d-128982388900
245	1	0	\N	2024-11-26 11:27:25.104588	2024-11-26 11:27:25.214567	\N	c455daac-34ea-4fdb-9142-5405580307d5
246	1	0	\N	2024-11-26 14:22:40.335925	2024-11-26 14:22:40.34628	\N	37813a27-f312-48e0-8845-1aeaefc4e29f
247	1	0	\N	2024-11-26 14:23:18.897642	2024-11-26 14:23:18.907143	\N	37813a27-f312-48e0-8845-1aeaefc4e29f
248	1	0	\N	2024-11-26 23:22:29.275213	2024-11-26 23:22:29.286094	\N	351b5559-ff29-4636-a092-c578ca8aa177
249	1	0	\N	2024-11-26 23:22:53.455836	2024-11-26 23:22:53.46555	\N	351b5559-ff29-4636-a092-c578ca8aa177
250	1	0	\N	2024-11-27 00:57:55.740167	2024-11-27 00:57:55.766532	\N	fe49de7e-e35f-458b-a55a-aedaa1527c89
251	1	0	\N	2024-11-27 00:58:30.255936	2024-11-27 00:58:30.264085	\N	fe49de7e-e35f-458b-a55a-aedaa1527c89
252	1	0	\N	2024-11-27 00:58:31.331402	2024-11-27 00:58:31.762914	\N	fe49de7e-e35f-458b-a55a-aedaa1527c89
253	1	0	\N	2024-11-27 00:58:36.000792	2024-11-27 00:58:36.285872	\N	fe49de7e-e35f-458b-a55a-aedaa1527c89
254	1	0	\N	2024-11-27 00:58:44.761529	2024-11-27 00:58:45.193756	\N	fe49de7e-e35f-458b-a55a-aedaa1527c89
255	1	0	\N	2024-11-27 02:25:27.484719	2024-11-27 02:25:27.499434	\N	fe49de7e-e35f-458b-a55a-aedaa1527c89
256	1	0	\N	2024-11-27 02:25:50.712909	2024-11-27 02:25:50.719419	\N	fe49de7e-e35f-458b-a55a-aedaa1527c89
257	1	0	\N	2024-11-27 02:25:50.728233	2024-11-27 02:25:50.731854	\N	fe49de7e-e35f-458b-a55a-aedaa1527c89
258	1	0	\N	2024-11-27 06:44:53.379547	2024-11-27 06:44:53.475736	\N	fe49de7e-e35f-458b-a55a-aedaa1527c89
259	1	0	\N	2024-11-27 06:44:56.344951	2024-11-27 06:44:56.353009	\N	fe49de7e-e35f-458b-a55a-aedaa1527c89
260	1	0	\N	2024-11-27 06:44:56.683322	2024-11-27 06:44:56.689926	\N	fe49de7e-e35f-458b-a55a-aedaa1527c89
261	1	0	\N	2024-11-27 06:48:03.146213	2024-11-27 06:48:03.158778	\N	fe49de7e-e35f-458b-a55a-aedaa1527c89
262	1	0	\N	2024-11-27 08:49:19.80171	2024-11-27 08:49:20.740878	\N	fe49de7e-e35f-458b-a55a-aedaa1527c89
263	1	0	\N	2024-11-27 08:49:20.326587	2024-11-27 08:49:20.81542	\N	fe49de7e-e35f-458b-a55a-aedaa1527c89
264	1	0	\N	2024-11-27 10:26:20.745995	2024-11-27 10:26:21.211371	\N	fe49de7e-e35f-458b-a55a-aedaa1527c89
265	1	0	\N	2024-11-27 10:26:20.74717	2024-11-27 10:26:21.213001	\N	fe49de7e-e35f-458b-a55a-aedaa1527c89
266	1	0	\N	2024-11-27 13:46:01.591902	2024-11-27 13:46:01.60634	\N	01e1111d-23c8-40d9-b425-bd4e761308f1
267	1	0	\N	2024-11-27 13:47:33.310304	2024-11-27 13:47:33.321099	\N	01e1111d-23c8-40d9-b425-bd4e761308f1
268	1	0	\N	2024-11-27 14:17:42.773711	2024-11-27 14:17:42.781537	\N	b7b77498-d8c2-4aeb-bff2-bd0b4f8360a8
269	1	0	\N	2024-11-27 14:18:27.224757	2024-11-27 14:18:27.695134	\N	b7b77498-d8c2-4aeb-bff2-bd0b4f8360a8
270	1	0	\N	2024-11-27 14:18:39.958392	2024-11-27 14:18:40.207659	\N	b7b77498-d8c2-4aeb-bff2-bd0b4f8360a8
271	1	0	\N	2024-11-27 15:21:49.691812	2024-11-27 15:21:50.127758	\N	b7b77498-d8c2-4aeb-bff2-bd0b4f8360a8
272	1	0	\N	2024-11-27 16:32:23.710223	2024-11-27 16:32:23.743461	\N	15677ada-84d5-4ddf-995f-7a94b9ea9e7d
273	1	0	\N	2024-11-27 16:33:04.215551	2024-11-27 16:33:04.223294	\N	15677ada-84d5-4ddf-995f-7a94b9ea9e7d
274	1	0	\N	2024-11-27 16:33:28.824056	2024-11-27 16:33:28.832534	\N	15677ada-84d5-4ddf-995f-7a94b9ea9e7d
275	1	0	\N	2024-11-27 16:34:14.518074	2024-11-27 16:34:14.525503	\N	15677ada-84d5-4ddf-995f-7a94b9ea9e7d
276	1	0	\N	2024-11-27 16:37:07.108174	2024-11-27 16:37:07.213569	\N	15677ada-84d5-4ddf-995f-7a94b9ea9e7d
277	1	0	\N	2024-11-27 16:37:17.086228	2024-11-27 16:37:17.093188	\N	15677ada-84d5-4ddf-995f-7a94b9ea9e7d
278	1	0	\N	2024-11-27 16:41:42.830031	2024-11-27 16:41:42.851276	\N	15677ada-84d5-4ddf-995f-7a94b9ea9e7d
279	1	0	\N	2024-11-27 16:41:55.848178	2024-11-27 16:41:55.876199	\N	15677ada-84d5-4ddf-995f-7a94b9ea9e7d
280	1	0	\N	2024-11-27 16:41:58.656774	2024-11-27 16:41:58.67251	\N	b8cca701-5b1d-442f-bffd-e0863359859e
281	1	0	\N	2024-11-27 16:42:26.083013	2024-11-27 16:42:26.094484	\N	b8cca701-5b1d-442f-bffd-e0863359859e
282	1	0	\N	2024-11-27 16:42:46.492304	2024-11-27 16:42:46.50034	\N	b8cca701-5b1d-442f-bffd-e0863359859e
283	1	0	\N	2024-11-27 16:44:55.166299	2024-11-27 16:44:55.429535	\N	b8cca701-5b1d-442f-bffd-e0863359859e
284	1	0	\N	2024-11-27 16:45:43.027861	2024-11-27 16:45:43.377027	\N	b8cca701-5b1d-442f-bffd-e0863359859e
285	1	0	\N	2024-11-27 16:46:48.782085	2024-11-27 16:46:49.250525	\N	b8cca701-5b1d-442f-bffd-e0863359859e
286	1	0	\N	2024-11-27 16:47:05.672592	2024-11-27 16:47:05.680853	\N	b8cca701-5b1d-442f-bffd-e0863359859e
287	1	0	\N	2024-11-27 16:59:56.23006	2024-11-27 16:59:56.27899	\N	b8cca701-5b1d-442f-bffd-e0863359859e
288	1	0	\N	2024-11-27 17:00:08.912023	2024-11-27 17:00:08.92236	\N	b8cca701-5b1d-442f-bffd-e0863359859e
289	1	0	\N	2024-11-27 17:01:52.90831	2024-11-27 17:01:52.920442	\N	15677ada-84d5-4ddf-995f-7a94b9ea9e7d
290	1	0	\N	2024-11-27 17:02:06.371424	2024-11-27 17:02:06.392459	\N	b8cca701-5b1d-442f-bffd-e0863359859e
291	1	0	\N	2024-11-27 17:02:11.273284	2024-11-27 17:02:11.639324	\N	b8cca701-5b1d-442f-bffd-e0863359859e
292	1	0	\N	2024-11-27 17:07:15.411533	2024-11-27 17:07:15.420719	\N	b8cca701-5b1d-442f-bffd-e0863359859e
293	1	0	\N	2024-11-27 17:08:36.780356	2024-11-27 17:08:36.787523	\N	b8cca701-5b1d-442f-bffd-e0863359859e
294	1	0	\N	2024-11-27 17:10:16.979914	2024-11-27 17:10:16.989651	\N	b8cca701-5b1d-442f-bffd-e0863359859e
295	1	0	\N	2024-11-27 17:11:40.964314	2024-11-27 17:11:41.275549	\N	b8cca701-5b1d-442f-bffd-e0863359859e
296	1	0	\N	2024-11-27 17:11:44.800972	2024-11-27 17:11:45.438541	\N	b8cca701-5b1d-442f-bffd-e0863359859e
297	1	0	\N	2024-11-27 17:19:15.832804	2024-11-27 17:19:15.843112	\N	b8cca701-5b1d-442f-bffd-e0863359859e
298	1	0	\N	2024-11-27 17:19:23.937396	2024-11-27 17:19:24.327705	\N	b8cca701-5b1d-442f-bffd-e0863359859e
299	1	0	\N	2024-11-27 17:22:10.346041	2024-11-27 17:22:10.353055	\N	b8cca701-5b1d-442f-bffd-e0863359859e
300	1	0	\N	2024-11-27 17:22:17.460699	2024-11-27 17:22:17.841047	\N	b8cca701-5b1d-442f-bffd-e0863359859e
301	1	0	\N	2024-11-27 17:38:18.450125	2024-11-27 17:38:18.45937	\N	b8cca701-5b1d-442f-bffd-e0863359859e
302	1	0	\N	2024-11-27 17:43:11.350886	2024-11-27 17:43:11.360917	\N	b8cca701-5b1d-442f-bffd-e0863359859e
303	1	0	\N	2024-11-27 17:44:43.550105	2024-11-27 17:44:43.887576	\N	b8cca701-5b1d-442f-bffd-e0863359859e
304	1	0	\N	2024-11-27 17:45:04.771775	2024-11-27 17:45:04.887072	\N	b8cca701-5b1d-442f-bffd-e0863359859e
305	1	0	\N	2024-11-27 17:56:33.788776	2024-11-27 17:56:33.799072	\N	b8cca701-5b1d-442f-bffd-e0863359859e
306	1	0	\N	2024-11-27 17:56:40.868632	2024-11-27 17:56:40.876348	\N	b8cca701-5b1d-442f-bffd-e0863359859e
307	1	0	\N	2024-11-27 17:56:46.9697	2024-11-27 17:56:46.977082	\N	b8cca701-5b1d-442f-bffd-e0863359859e
308	1	0	\N	2024-11-28 00:09:27.586762	2024-11-28 00:09:27.63646	\N	a332322c-4547-4920-b804-c802794e03fd
309	1	0	\N	2024-11-28 14:46:39.127782	2024-11-28 14:46:39.592031	\N	c455daac-34ea-4fdb-9142-5405580307d5
310	1	0	\N	2024-11-28 14:52:56.397562	2024-11-28 14:52:56.404162	\N	c455daac-34ea-4fdb-9142-5405580307d5
350	1	0	\N	2024-12-04 11:10:11.250954	2024-12-04 11:10:11.259664	\N	c5247aad-c5c3-4133-b162-50acc686e316
311	1	0	\N	2024-11-28 14:53:32.847712	2024-11-28 14:53:33.12395	\N	c455daac-34ea-4fdb-9142-5405580307d5
312	1	0	\N	2024-11-28 14:53:43.626603	2024-11-28 14:53:43.636311	\N	c455daac-34ea-4fdb-9142-5405580307d5
351	1	0	\N	2024-12-05 14:30:32.172644	2024-12-05 14:30:32.181491	\N	babc5468-a5e9-423f-aba9-fa7d8ef45ca2
313	1	0	\N	2024-11-28 14:54:37.101338	2024-11-28 14:54:37.109554	\N	c455daac-34ea-4fdb-9142-5405580307d5
314	1	0	\N	2024-11-28 15:00:00.619995	2024-11-28 15:00:00.639897	\N	c455daac-34ea-4fdb-9142-5405580307d5
352	1	0	\N	2024-12-05 14:31:11.367789	2024-12-05 14:31:11.376481	\N	babc5468-a5e9-423f-aba9-fa7d8ef45ca2
315	1	0	\N	2024-11-28 15:00:51.633113	2024-11-28 15:00:51.642444	\N	c455daac-34ea-4fdb-9142-5405580307d5
316	1	0	\N	2024-11-28 17:11:16.329404	2024-11-28 17:11:16.337984	\N	777f1203-9a2c-4aff-9a38-f091550b95ff
353	1	0	\N	2024-12-05 15:26:39.008282	2024-12-05 15:26:39.033008	\N	babc5468-a5e9-423f-aba9-fa7d8ef45ca2
317	1	0	\N	2024-11-28 17:11:19.797308	2024-11-28 17:11:19.803259	\N	777f1203-9a2c-4aff-9a38-f091550b95ff
318	1	0	\N	2024-11-28 17:11:24.118185	2024-11-28 17:11:24.129009	\N	777f1203-9a2c-4aff-9a38-f091550b95ff
354	1	0	\N	2024-12-06 03:50:26.752905	2024-12-06 03:50:26.763328	\N	65c6e039-7ccb-4f84-9172-9929344c7b96
319	1	0	\N	2024-11-29 01:59:48.753573	2024-11-29 01:59:48.776801	\N	c455daac-34ea-4fdb-9142-5405580307d5
320	1	0	\N	2024-11-29 02:05:11.656256	2024-11-29 02:05:11.665619	\N	c455daac-34ea-4fdb-9142-5405580307d5
355	1	0	\N	2024-12-06 04:06:58.600767	2024-12-06 04:06:58.608751	\N	65c6e039-7ccb-4f84-9172-9929344c7b96
321	1	0	\N	2024-11-29 20:23:13.193958	2024-11-29 20:23:13.663069	\N	5382c2b1-b793-46c4-87f6-8f260e43ea36
322	1	0	\N	2024-11-29 20:23:27.653185	2024-11-29 20:23:28.143865	\N	5382c2b1-b793-46c4-87f6-8f260e43ea36
356	1	0	\N	2024-12-06 04:29:49.657802	2024-12-06 04:29:49.668429	\N	65c6e039-7ccb-4f84-9172-9929344c7b96
323	1	0	\N	2024-11-29 20:23:38.679643	2024-11-29 20:23:38.692669	\N	5382c2b1-b793-46c4-87f6-8f260e43ea36
324	1	0	\N	2024-11-29 20:24:38.168029	2024-11-29 20:24:38.176626	\N	5382c2b1-b793-46c4-87f6-8f260e43ea36
357	1	0	\N	2024-12-06 06:51:45.495165	2024-12-06 06:51:45.524347	\N	babc5468-a5e9-423f-aba9-fa7d8ef45ca2
325	1	0	\N	2024-11-30 01:20:03.923207	2024-11-30 01:20:04.095525	\N	351b5559-ff29-4636-a092-c578ca8aa177
326	1	0	\N	2024-11-30 04:59:45.370635	2024-11-30 04:59:45.382417	\N	58593cc9-1c88-4913-be47-59ca436142a8
358	1	0	\N	2024-12-06 18:32:04.459853	2024-12-06 18:32:04.485921	\N	ac8e96a6-d7a0-43ee-8180-f7461ffff467
327	1	0	\N	2024-11-30 05:00:42.458691	2024-11-30 05:00:42.468503	\N	58593cc9-1c88-4913-be47-59ca436142a8
328	1	0	\N	2024-11-30 05:00:59.67338	2024-11-30 05:00:59.682757	\N	58593cc9-1c88-4913-be47-59ca436142a8
359	1	0	\N	2024-12-06 18:32:15.427301	2024-12-06 18:32:15.436112	\N	ac8e96a6-d7a0-43ee-8180-f7461ffff467
329	1	0	\N	2024-11-30 18:20:40.263165	2024-11-30 18:20:40.323389	\N	7b666739-e166-41df-8c07-b6450594fa5e
330	1	0	\N	2024-11-30 18:21:59.609689	2024-11-30 18:21:59.618551	\N	7b666739-e166-41df-8c07-b6450594fa5e
360	1	0	\N	2024-12-06 18:32:19.749715	2024-12-06 18:32:19.756309	\N	ac8e96a6-d7a0-43ee-8180-f7461ffff467
331	1	0	\N	2024-11-30 18:22:09.242648	2024-11-30 18:22:09.249097	\N	7b666739-e166-41df-8c07-b6450594fa5e
332	1	0	\N	2024-11-30 18:22:35.165317	2024-11-30 18:22:35.202986	\N	7b666739-e166-41df-8c07-b6450594fa5e
361	1	0	\N	2024-12-07 17:06:57.624356	2024-12-07 17:06:57.655881	\N	ac8e96a6-d7a0-43ee-8180-f7461ffff467
333	1	0	\N	2024-12-03 04:25:34.225604	2024-12-03 04:25:34.234064	\N	ccc9cf58-7751-48f1-8aa5-0bd02ba061a2
334	1	0	\N	2024-12-03 12:10:34.126038	2024-12-03 12:10:34.135304	\N	f9f47fdf-125c-4870-9ca8-59e648bd5c08
362	1	0	\N	2024-12-08 01:08:03.90416	2024-12-08 01:08:03.913153	\N	8e8c60eb-75d8-4ca0-b5d6-39cc4a2bca91
335	1	0	\N	2024-12-03 12:11:58.409574	2024-12-03 12:11:58.819672	\N	f9f47fdf-125c-4870-9ca8-59e648bd5c08
336	1	0	\N	2024-12-03 12:12:53.408126	2024-12-03 12:12:53.419128	\N	f9f47fdf-125c-4870-9ca8-59e648bd5c08
363	1	0	\N	2024-12-08 01:31:00.937665	2024-12-08 01:31:01.205407	\N	8e8c60eb-75d8-4ca0-b5d6-39cc4a2bca91
337	1	0	\N	2024-12-03 12:13:49.361031	2024-12-03 12:13:49.370107	\N	f9f47fdf-125c-4870-9ca8-59e648bd5c08
338	1	0	\N	2024-12-03 12:13:52.247278	2024-12-03 12:13:52.727675	\N	f9f47fdf-125c-4870-9ca8-59e648bd5c08
364	1	0	\N	2024-12-08 01:31:26.272345	2024-12-08 01:31:26.601444	\N	8e8c60eb-75d8-4ca0-b5d6-39cc4a2bca91
339	1	0	\N	2024-12-03 12:13:53.682558	2024-12-03 12:13:53.958613	\N	f9f47fdf-125c-4870-9ca8-59e648bd5c08
340	1	0	\N	2024-12-03 12:16:12.291965	2024-12-03 12:16:12.298455	\N	f9f47fdf-125c-4870-9ca8-59e648bd5c08
365	1	0	\N	2024-12-08 02:44:33.50039	2024-12-08 02:44:33.507724	\N	5125b43b-754f-4c9e-888b-544a8aafd3bb
341	1	0	\N	2024-12-03 12:16:32.74473	2024-12-03 12:16:33.011939	\N	f9f47fdf-125c-4870-9ca8-59e648bd5c08
342	1	0	\N	2024-12-03 12:23:53.306672	2024-12-03 12:23:53.315962	\N	f9f47fdf-125c-4870-9ca8-59e648bd5c08
366	1	0	\N	2024-12-08 02:46:57.22068	2024-12-08 02:46:57.228334	\N	5125b43b-754f-4c9e-888b-544a8aafd3bb
343	1	0	\N	2024-12-04 11:06:09.827999	2024-12-04 11:06:09.838298	\N	c5247aad-c5c3-4133-b162-50acc686e316
344	1	0	\N	2024-12-04 11:07:09.749264	2024-12-04 11:07:10.056096	\N	c5247aad-c5c3-4133-b162-50acc686e316
367	1	0	\N	2024-12-08 02:47:03.44452	2024-12-08 02:47:03.455781	\N	5125b43b-754f-4c9e-888b-544a8aafd3bb
345	1	0	\N	2024-12-04 11:07:16.845179	2024-12-04 11:07:17.104974	\N	c5247aad-c5c3-4133-b162-50acc686e316
346	1	0	\N	2024-12-04 11:07:43.024168	2024-12-04 11:07:43.030744	\N	c5247aad-c5c3-4133-b162-50acc686e316
368	1	0	\N	2024-12-08 02:47:07.413219	2024-12-08 02:47:07.419401	\N	5125b43b-754f-4c9e-888b-544a8aafd3bb
347	1	0	\N	2024-12-04 11:07:50.500064	2024-12-04 11:07:50.937385	\N	c5247aad-c5c3-4133-b162-50acc686e316
348	1	0	\N	2024-12-04 11:08:33.967105	2024-12-04 11:08:33.975789	\N	c5247aad-c5c3-4133-b162-50acc686e316
369	1	0	\N	2024-12-08 07:18:39.488407	2024-12-08 07:18:39.497028	\N	2dee5b05-be3b-4217-8fdd-baf46097fe1c
370	1	0	\N	2024-12-08 07:19:26.701018	2024-12-08 07:19:27.146996	\N	2dee5b05-be3b-4217-8fdd-baf46097fe1c
371	1	0	\N	2024-12-08 07:19:42.740204	2024-12-08 07:19:42.747617	\N	2dee5b05-be3b-4217-8fdd-baf46097fe1c
372	1	0	\N	2024-12-08 07:25:59.678834	2024-12-08 07:25:59.68853	\N	2dee5b05-be3b-4217-8fdd-baf46097fe1c
373	1	0	\N	2024-12-08 07:26:29.139274	2024-12-08 07:26:29.148803	\N	2dee5b05-be3b-4217-8fdd-baf46097fe1c
374	1	0	\N	2024-12-08 07:26:51.128335	2024-12-08 07:26:51.552149	\N	2dee5b05-be3b-4217-8fdd-baf46097fe1c
375	1	0	\N	2024-12-08 19:28:45.985951	2024-12-08 19:28:45.996116	\N	5a3739cf-d7c8-4aa9-b7ec-109ed92e94c7
376	1	0	\N	2024-12-08 21:08:06.758757	2024-12-08 21:08:06.766596	\N	facb335f-9306-4a68-bddf-264ec32851d2
377	1	0	\N	2024-12-09 01:46:40.027708	2024-12-09 01:46:40.351046	\N	2dee5b05-be3b-4217-8fdd-baf46097fe1c
378	1	0	\N	2024-12-09 01:47:12.606511	2024-12-09 01:47:12.863139	\N	2dee5b05-be3b-4217-8fdd-baf46097fe1c
379	1	0	\N	2024-12-09 01:47:19.266449	2024-12-09 01:47:19.694552	\N	2dee5b05-be3b-4217-8fdd-baf46097fe1c
380	1	0	\N	2024-12-09 01:47:50.578835	2024-12-09 01:47:50.587789	\N	2dee5b05-be3b-4217-8fdd-baf46097fe1c
381	1	0	\N	2024-12-09 11:01:17.936946	2024-12-09 11:01:17.948616	\N	f9f47fdf-125c-4870-9ca8-59e648bd5c08
382	1	0	\N	2024-12-09 11:03:05.878722	2024-12-09 11:03:05.889666	\N	f9f47fdf-125c-4870-9ca8-59e648bd5c08
383	1	0	\N	2024-12-09 21:20:08.213089	2024-12-09 21:20:08.998	\N	f9f47fdf-125c-4870-9ca8-59e648bd5c08
384	1	0	\N	2024-12-10 12:46:52.746247	2024-12-10 12:46:54.265354	\N	1ebccaa4-ed64-4fd5-a203-49ed596340e3
385	1	0	\N	2024-12-10 12:47:05.897487	2024-12-10 12:47:05.905321	\N	1ebccaa4-ed64-4fd5-a203-49ed596340e3
386	1	0	\N	2024-12-10 18:03:09.262442	2024-12-10 18:03:09.676847	\N	f15a7f39-e72e-4cb7-ad3b-9d569ef8fffa
387	1	0	\N	2024-12-10 18:03:46.081059	2024-12-10 18:03:47.180209	\N	f15a7f39-e72e-4cb7-ad3b-9d569ef8fffa
388	1	0	\N	2024-12-10 18:04:09.55433	2024-12-10 18:04:09.86819	\N	f15a7f39-e72e-4cb7-ad3b-9d569ef8fffa
389	1	0	\N	2024-12-10 18:04:28.832205	2024-12-10 18:04:29.85424	\N	f15a7f39-e72e-4cb7-ad3b-9d569ef8fffa
390	1	0	\N	2024-12-10 18:05:32.129036	2024-12-10 18:05:33.149367	\N	f15a7f39-e72e-4cb7-ad3b-9d569ef8fffa
391	1	0	\N	2024-12-10 18:08:55.451727	2024-12-10 18:08:55.462573	\N	f15a7f39-e72e-4cb7-ad3b-9d569ef8fffa
392	1	0	\N	2024-12-10 18:09:05.606766	2024-12-10 18:09:06.630391	\N	f15a7f39-e72e-4cb7-ad3b-9d569ef8fffa
393	1	0	\N	2024-12-10 18:10:25.994147	2024-12-10 18:10:26.018933	\N	f15a7f39-e72e-4cb7-ad3b-9d569ef8fffa
394	1	0	\N	2024-12-10 18:11:11.057429	2024-12-10 18:11:11.322886	\N	f15a7f39-e72e-4cb7-ad3b-9d569ef8fffa
395	1	0	\N	2024-12-10 18:15:57.790692	2024-12-10 18:15:58.42581	\N	f15a7f39-e72e-4cb7-ad3b-9d569ef8fffa
396	1	0	\N	2024-12-10 18:16:42.549172	2024-12-10 18:16:43.605063	\N	f15a7f39-e72e-4cb7-ad3b-9d569ef8fffa
397	1	0	\N	2024-12-10 18:17:19.60234	2024-12-10 18:17:20.459905	\N	f15a7f39-e72e-4cb7-ad3b-9d569ef8fffa
398	1	0	\N	2024-12-10 18:18:10.996412	2024-12-10 18:18:11.283391	\N	f15a7f39-e72e-4cb7-ad3b-9d569ef8fffa
399	1	0	\N	2024-12-10 18:18:55.994873	2024-12-10 18:18:56.254148	\N	f15a7f39-e72e-4cb7-ad3b-9d569ef8fffa
400	1	0	\N	2024-12-10 18:25:47.985349	2024-12-10 18:25:47.993436	\N	f15a7f39-e72e-4cb7-ad3b-9d569ef8fffa
401	1	0	\N	2024-12-10 18:26:20.664698	2024-12-10 18:26:21.668713	\N	f15a7f39-e72e-4cb7-ad3b-9d569ef8fffa
402	1	0	\N	2024-12-10 18:27:05.392349	2024-12-10 18:27:05.400902	\N	f15a7f39-e72e-4cb7-ad3b-9d569ef8fffa
403	1	0	\N	2024-12-10 18:43:09.033553	2024-12-10 18:43:09.091458	\N	f15a7f39-e72e-4cb7-ad3b-9d569ef8fffa
404	1	0	\N	2024-12-10 18:45:01.002261	2024-12-10 18:45:01.474054	\N	d2fe8426-2019-4297-934a-0d09e8dc0a17
405	1	0	\N	2024-12-10 22:11:47.158438	2024-12-10 22:11:47.56312	\N	ea1e820d-5df6-491e-be8e-26c37852497d
406	1	0	\N	2024-12-10 22:12:02.429408	2024-12-10 22:12:02.443626	\N	ea1e820d-5df6-491e-be8e-26c37852497d
407	1	0	\N	2024-12-10 22:13:32.134115	2024-12-10 22:13:32.143311	\N	ea1e820d-5df6-491e-be8e-26c37852497d
408	1	0	\N	2024-12-10 22:13:56.53031	2024-12-10 22:13:56.540803	\N	ea1e820d-5df6-491e-be8e-26c37852497d
409	1	0	\N	2024-12-10 22:14:01.381195	2024-12-10 22:14:01.390278	\N	ea1e820d-5df6-491e-be8e-26c37852497d
410	1	0	\N	2024-12-10 22:14:23.950252	2024-12-10 22:14:23.96104	\N	ea1e820d-5df6-491e-be8e-26c37852497d
411	1	0	\N	2024-12-10 22:14:27.563523	2024-12-10 22:14:27.571871	\N	ea1e820d-5df6-491e-be8e-26c37852497d
412	1	0	\N	2024-12-10 22:15:54.513638	2024-12-10 22:15:54.524167	\N	ea1e820d-5df6-491e-be8e-26c37852497d
413	1	0	\N	2024-12-10 22:19:37.57277	2024-12-10 22:19:37.583661	\N	ea1e820d-5df6-491e-be8e-26c37852497d
414	1	0	\N	2024-12-10 22:19:39.803056	2024-12-10 22:19:39.81071	\N	ea1e820d-5df6-491e-be8e-26c37852497d
415	1	0	\N	2024-12-11 01:50:11.714562	2024-12-11 01:50:12.775256	\N	02cee79f-0c3d-47a2-8d2e-59a6d0c64efe
416	1	0	\N	2024-12-11 01:57:16.810064	2024-12-11 01:57:16.860733	\N	02cee79f-0c3d-47a2-8d2e-59a6d0c64efe
417	1	0	\N	2024-12-11 01:59:40.263475	2024-12-11 01:59:40.272963	\N	02cee79f-0c3d-47a2-8d2e-59a6d0c64efe
418	1	0	\N	2024-12-11 15:30:14.598558	2024-12-11 15:30:14.607054	\N	ea1e820d-5df6-491e-be8e-26c37852497d
419	1	0	\N	2024-12-11 15:30:16.156793	2024-12-11 15:30:16.164051	\N	ea1e820d-5df6-491e-be8e-26c37852497d
420	1	0	\N	2024-12-11 16:00:49.298784	2024-12-11 16:00:50.2091	\N	02cee79f-0c3d-47a2-8d2e-59a6d0c64efe
\.


--
-- Data for Name: prompt_votes; Type: TABLE DATA; Schema: public; Owner: rabbitr1
--

COPY public.prompt_votes (id, prompt_id, user_id, value, created_at, updated_at) FROM stdin;
78957cd1-4af2-4282-ace5-8abb2464c3d0	45139c9e-331a-4791-9a7c-d8a1b7220cc0	5a3739cf-d7c8-4aa9-b7ec-109ed92e94c7	1	2024-11-22 16:54:58.916208	2024-11-22 16:54:58.916208
308a6614-cbd2-49d3-85d7-55c833410bf7	1926038a-5479-4b4d-ab2a-d891aaf56a34	5a3739cf-d7c8-4aa9-b7ec-109ed92e94c7	1	2024-11-22 16:55:02.533572	2024-11-22 16:55:02.533572
323f3e50-c5d7-4358-854a-5ed9ea2eefb8	7699f6b4-ad17-4240-b7ea-67b1af43342d	5a3739cf-d7c8-4aa9-b7ec-109ed92e94c7	1	2024-11-22 16:55:03.673683	2024-11-22 16:55:03.673683
772198cc-5959-4790-ba56-47ff36108850	fd2f55a7-917c-413e-b78d-a4fb1de4138d	a332322c-4547-4920-b804-c802794e03fd	1	2024-11-23 11:16:35.592161	2024-11-23 11:16:35.592161
71bfc9ce-e890-4b4b-871f-2aeb0d0545ba	eb9a022e-4bde-4392-8c60-8b7968ab52f1	a332322c-4547-4920-b804-c802794e03fd	1	2024-11-23 11:20:40.942645	2024-11-23 11:20:40.942645
6a3c156a-25f0-473c-9a77-37e119e6a54a	5f848e42-3205-47ac-a30a-8839e8f6aa29	a332322c-4547-4920-b804-c802794e03fd	1	2024-11-23 11:31:05.451067	2024-11-23 11:31:05.451067
f69b01db-6d8e-4eeb-aa66-3bf4e28cb8f4	a2c3cccb-a4f0-418c-acfd-b5fd1de98dd5	a332322c-4547-4920-b804-c802794e03fd	1	2024-11-24 03:48:44.694597	2024-11-24 03:48:44.694597
af2554ca-2660-4cbd-9080-cd6380345b24	c112a7a3-34bc-446c-9e8c-f1fb80f7d2ac	5a3739cf-d7c8-4aa9-b7ec-109ed92e94c7	1	2024-11-27 13:27:27.623154	2024-11-27 13:27:27.623154
b45c0432-6bf9-4d6e-98b3-0d1867d657da	b4cae0b2-38b7-4051-84b2-3e964bf39be8	5a3739cf-d7c8-4aa9-b7ec-109ed92e94c7	1	2024-11-27 13:40:22.477685	2024-11-27 13:40:22.477685
b8de6a49-efd4-4f3a-b960-0f1dd00dc818	390fbeca-c74c-42b5-af03-e7251452f22e	ea1e820d-5df6-491e-be8e-26c37852497d	1	2024-12-11 15:30:16.069303	2024-12-11 15:30:16.069303
\.


--
-- Data for Name: prompts; Type: TABLE DATA; Schema: public; Owner: rabbitr1
--

COPY public.prompts (id, title, description, content, category, "isPublic", likes, tags, "createdAt", "updatedAt", "totalViews", "totalCopies", "averageRating", "totalVotes", author_id, "imageUrls") FROM stdin;
e5718ad5-b5c1-4fe4-b5c3-1a62a089e45a	MacOs Theme	Looks really like a MacOs system works in light and dark mode	You are a chief designer and Design a sleek and minimalistic sticky notes UI with a macOS-inspired aesthetic. Each note should have the signature red, yellow, and green buttons at the top-left corner for close, minimize, and expand functions. The notes should use soft, pastel background colors (like pale yellow, light pink, or soft gray) with subtle drop shadows to give a floating effect. Use a clean, modern sans-serif font for text, and include resizable and draggable functionality. Add a toolbar at the top for formatting options, such as bold, italic, underline, and color selection, in the macOS style with flat icons and soft gradients. so it better be good	generative-ui	t	0	#Macos,#theme,#RabbitR1,#GenUI	2024-11-17 20:01:50.019604	2024-12-10 22:13:32.143311	1	7	0	4	e2395c15-088a-472c-a89f-3c6cd651782a	\N
cbe1cef4-48c9-49c3-b890-46cbab5130a1	Create Swiss Railway Watch UI	Create Swiss Railway Watch UI	Create Swiss Railway Watch UI	generative-ui	f	0	watch,watches,railway,switzerland	2024-11-20 19:56:39.275012	2024-11-22 05:04:15.304354	1	0	0	0	e4a06129-42fa-406b-a193-32194e95320a	
3749b14c-a486-40c2-a87b-0b6b08bf2fe8	My take on a r1 themed UI.	Generates a good looking r1 themed UI.	Design a cutting-edge UI using black, white, and luminous orange for highlights. The layout features a 98vw container, gaussian blur transitions, floating panels, and a reactive particle background. Include a minimalist nav with pulsing indicators, fluid grid, and glass morphism modals. Use Neue Haas Grotesk for headers, Inter for body text. Implement 3D space navigation, parallax depth, WebGL objects, and magnetic hover states. Ensure modular drag-drop, ripple effects, morphing cursors, and 60fps GPU-accelerated animations.	generative-ui	t	0	R1,THEME,UI,GENERATES,GOOD LOOKING,60FPS,GUSSAIAN BLUR,MINIMALIST,3D,WEBGL,CUTTING-EDGE,98VW CONTAINER,MY,TAKE,ON,THEMED	2024-11-18 09:21:43.65922	2024-12-10 18:45:01.474054	1	8	0	4	02cee79f-0c3d-47a2-8d2e-59a6d0c64efe	\N
a03b2828-6991-448c-ab2a-900049fc93e0	Swiss-Cheese-Fondue UI	Create a Swiss-Cheese-Fondue UI.	Create a Swiss-Cheese-Fondue UI	generative-ui	f	0	switzerland,cheese,fondue	2024-11-20 19:38:30.404063	2024-11-20 19:38:30.404063	0	0	0	0	e4a06129-42fa-406b-a193-32194e95320a	
29b8d277-32d6-400a-9d2e-fe060018947a	Create Swiss Watch UI	Create Swiss Watch UI	Create Swiss Watch UI	generative-ui	f	0	switzerland,watch,watches	2024-11-20 19:51:38.312989	2024-11-20 19:51:38.312989	0	0	0	0	e4a06129-42fa-406b-a193-32194e95320a	
113f6d8f-55c2-44be-9931-e97af5daeb4f	Old CRT TV	A retro black and white CRT televsion that can be as finicky as they were, but works most of the time.	You're a UI expert, skilled in translating project aesthetics into small-screen interfaces. Your task is to recreate the experience of a 1950s black-and-white TV, complete with the effects of a magnet moving across a CRT screen and adjustments to horizontal and vertical controls. The design should include intermittent signal loss, random static, dropouts, noise bursts, glowing highlights, scanlines, and other era-accurate animations. For headings and titles, ensure the raster display font blooms brighter to emulate the distinct glow of vintage displays.	generative-ui	t	0	tv,ui,glowing,raster,retro	2024-11-19 01:54:29.19968	2024-12-06 03:52:19.126236	1	7	0	1	65c6e039-7ccb-4f84-9172-9929344c7b96	\N
15dc1c58-b3f3-4730-b196-b5a6047470d7	(non-functioning) Snake game	.	You are a UI designer who loves the video game "Snake". For this reason, EVERY UI you design, has a mini game of "Snake" at the very top. Each game is to be played by swiping with one's finger, up, down, left, and right to turn the snake in the corresponding direction. The snake is white, the background is black, and apples are red. The game board has a thin white outline. The game should automatically start, and when the player dies, it should auto-start again. Make sure the snake game is 1:1 ratio, and positioned precisely in the header section of the UI, while maintaining perfect square proportions. The game should have a subtle animation when restarting to indicate a new game is beginning, and the score should be displayed in a small, unobtrusive white text in the bottom right corner of the game board.	generative-ui	f	0		2024-11-22 04:21:07.667573	2024-11-22 04:21:46.949343	1	0	0	0	a488c927-0426-4f3f-a6bc-f6bed79e862a	/api/uploads/prompt-images/a488c927-0426-4f3f-a6bc-f6bed79e862a-428a7447.png
6e770440-d4b7-4b90-98c4-f9c31341e4ff	IOS UI	This UI will generate a UI that feels like you are browsing an iphone.	Create a sleek, intuitive UI mimicking the style of the iPhone user interface. Aim for a clean, modern appearance that prioritizes user experience.\n\nLayout:\n Safe-area-centered main view\n Top status bar with subtle gradient\n Centered navigation bar with minimalist design\n Content area below, divided into sections\n Ample space between elements for touch interaction\n\nStyle:\n Light background #FFFFFF\n Dark text #1F2326\n Subdued blue accents #007AFF\n Sharp, san-serif font (SF Pro)\n Subtle shadows for depth and clarity\n\nElements:\n Status bar displaying time, battery, etc.\n Navigation bar with themed icons\n Smooth, responsive scrolling\n Clear, tappable buttons\n Animated transitions between views\n Clear, concise alerts and notifications\n\nContent:\n Bold, readable headers\n Well-organized, digestible text blocks\n Generous use of high-quality icons\n Consistent, touch-friendly spacing	generative-ui	t	0	iOS,Apple,IPhone,Generated	2024-11-20 17:42:06.370518	2024-12-10 22:19:39.81071	1	3	0	1	5a3739cf-d7c8-4aa9-b7ec-109ed92e94c7	/api/uploads/prompt-images/5a3739cf-d7c8-4aa9-b7ec-109ed92e94c7-80c6ae7a.jpg
cb7b61ce-f537-4132-a28b-3408fe585352	test	test	test	general	f	0		2024-11-22 04:38:56.572399	2024-11-22 12:58:03.688818	1	0	0	0	5a3739cf-d7c8-4aa9-b7ec-109ed92e94c7	
7c0c362a-663b-4546-a53d-c5523aea3c33	Medieval Alchemists Tome Interface	Intended to influence gen-ui to display Fantasy Alchemy Tome stylized visuals.	You are a front-end UI designer tasked with creating an interface for a compact device intended for use by alchemists in a medieval fantasy realm. Your design is inspired by ornate medieval manuscripts and intricate alchemical texts, strictly adhering to the visual and thematic elements of the enchanted universe. The interface should reflect mystical technology, elaborate aesthetics, and intuitive functionality. Use shimmering ancient runes to enhance the designs authenticity and deliver a perfect medieval alchemist-themed look. Every UI element must resemble the scrolls, bubbling potions, and enchanted instruments seen in legendary lore. Include images or visual references in your responses to illustrate your design choices.	generative-ui	t	0	tome,medieval,fantasy	2024-11-22 16:31:08.125675	2024-11-23 18:16:48.945798	1	1	0	0	c455daac-34ea-4fdb-9142-5405580307d5	/api/uploads/prompt-images/c455daac-34ea-4fdb-9142-5405580307d5-2d3e973d.jpg
aa246c29-5444-4e9a-b85c-cfdcdc9b3132	Swiss snow wonderland UI	Generate a serene Swiss snow wonderland UI for reading content.	Generate a serene Swiss snow wonderland UI for reading content. Craft a winter wonderland atmosphere that wraps around the user.\n\nLayout:\n Scrollable content area nestled between snow-covered trees\n Gentle slope of snowflakes above, fading into a soft blue horizon\n Content width optimized for comfortable reading\n\nStyle:\n Soft, creamy background #F7F7F7\n Rich wood accents #964B00 for headers and highlights\n Crisp, snowy whites #FFFFFF for content text\n Subtle snowfall animation in margins\n\nElements:\n "Alpine Chronicles" header in rustic wooden type\n Snowflake-patterned scroll indicator\n "Snowy Trails" navigation with wooden toggle buttons\n "Cozy Cabin" section dividers with lantern-style markers\n\nContent:\n "Winter Tales" section headers in bold, snowy script\n Clean paragraph spacing for easy reading\n "Frozen Moments" quote styling with snowflake ornaments\n Gentle text animations, like falling snowflakes	generative-ui	f	0	swiss,snow,wonderland	2024-11-20 20:28:47.211789	2024-11-24 14:05:24.066929	1	0	0	0	e4a06129-42fa-406b-a193-32194e95320a	
1926038a-5479-4b4d-ab2a-d891aaf56a34	Cyberpunk Urban Navigation System	Cyberpunk inspired UI	You are a front-end UI designer tasked with creating an interface for a compact device intended for navigating the sprawling neon-lit streets of a cyberpunk metropolis. Your design is inspired by iconic cyberpunk media, strictly adhering to the vibrant and gritty thematic elements of the dystopian future. The interface should reflect advanced holographic technology, edgy aesthetics, and seamless functionality. Use pulsating futuristic glyphs to enhance the designs authenticity and deliver a perfect cyberpunk-themed look. Every UI element must resemble the holographic displays and high-tech gadgets seen in neon-soaked alleyways. Include images or visual references in your responses to illustrate your design choices.	generative-ui	t	0	cyberpunk,dystopian,tech,future	2024-11-22 16:39:02.239748	2024-12-08 02:47:07.419401	1	2	0	1	c455daac-34ea-4fdb-9142-5405580307d5	/api/uploads/prompt-images/c455daac-34ea-4fdb-9142-5405580307d5-1d9d88bd.jpg
f1d9bf92-2fb3-42ae-adbd-ee9cc9f5b7b2	Pink Heart and Sparkles	Think of it like a girl's Tumblr blog. It's cute!	Make it girly. You love pink and ribbons and sparkles and want the UI to be the cutest thing ever. You also love anime so that will go into the design. The information will always be present and easily readable. You love Y2K Design as well and love Webcore and computers. You add all these things to your design.	generative-ui	t	0		2024-11-22 19:09:56.144164	2024-11-25 06:00:43.143003	1	0	0	0	3722e5aa-a63c-4712-ada7-c33041de696e	
fd2f55a7-917c-413e-b78d-a4fb1de4138d	San Francisco Giants	Uses the colors of the GIANTS baseball team.	Project: San Francisco Giants UI Design\n\nColor Palette:\n- Primary: #000000\n- Accent: #FD5A1E\n- Text: #FFFFFF\n- Background: #F2F2F2\n- Highlight: #FFC72C\n\nLayout:\n- Grid: 12-column\n- Margins: 32px (desktop), 16px (mobile)\n- Max Width: 1440px\n- Header: 80px height, sticky\n- Footer: 120px height\n- Cards: 300px width, 16px spacing\n\nTypography:\n- Font: Lato\n- Headings: 3rem, 700\n- Body: 1rem, 400\n- Buttons: Uppercase, 600	generative-ui	t	0		2024-11-23 11:16:27.460582	2024-12-03 04:25:34.234064	1	0	0	1	a332322c-4547-4920-b804-c802794e03fd	
eb9a022e-4bde-4392-8c60-8b7968ab52f1	American Patriotism	United States colors: Red, White & Blue	Project: American Patriotism UI Design for Small Device\n\nColor Palette:\n- Primary Background: #FFFFFF\n- Secondary Background: #002868\n- Accent Color: #BF0A30\n- Text Color: #000000\n\nLayout Specifications:\n- Layout: 4-column grid, 16px gutters\n- Margins: 20px\n- Header: Sticky, 60px height\n- Spacing: 8px between elements\n\nTypography:\n- Font: Montserrat, sans-serif\n- Header: Weight 600, Size 18px\n- Body: Weight 400, Size 12px, Line Height 1.5\n\nResponsive Considerations:\n- Max width: 480px\n- Tap-friendly design, 48px minimum target size	generative-ui	t	0		2024-11-23 11:20:31.529763	2024-12-10 18:16:43.605063	1	0	0	1	a332322c-4547-4920-b804-c802794e03fd	
a2c3cccb-a4f0-418c-acfd-b5fd1de98dd5	Rabbit r1 Leuchtorange Theme	The body color of the Rabbit r1 device is used including the button color.	Project: Leuchtorange Theme minimalist UI\n\nColor Palette:\n- Background: #FF4500\n- Accent: #333333\n- Text: #000000\n- Border: #000000\n\nLayout:\n- Grid: 12-column\n- Margin: 24px\n- Max Width: 1200px\n- Spacing: 16px\n\nTypography:\n- Font: Arial, sans-serif\n- Heading: 1.5rem, bold\n- Body: 1rem, normal\n- Button: 0.875rem, uppercase\n\nInteractions:\n- Button Hover: #E63E00\n- Link Hover: Underline\n- Focus State: Border #FF4500	generative-ui	t	0		2024-11-24 03:48:25.475945	2024-12-10 18:43:09.091458	1	6	0	1	a332322c-4547-4920-b804-c802794e03fd	
5f848e42-3205-47ac-a30a-8839e8f6aa29	Ocean-Inspired	Create a calming, wave-like design that flows with the content.	Generate an ocean-inspired UI for reading about oceanography. Create a calming, wave-like design that flows with the content.\n\nLayout:\n Wavy header with subtle ocean blue #032B44 gradient\n Central content area with gentle curve, resembling a beach\n Footer with ocean floor-inspired texture\n\nStyle:\n Soothing ocean blue #87CEEB for accents\n Main content #F7F7F7 with subtle wave pattern\n Headers in ocean-inspired serif font\n Icons resemble ocean creatures or elements\n\nElements:\n "TIDES" header with animated wave effect\n "DEPTH CHART" section dividers\n "MARINE LIFE" category tabs\n "OCEAN FACTS" fun facts in footer\n\nContent:\n "CURRENTS" section headers\n Clean paragraph spacing with wavy dividers\n "SEA STORIES" quote styling with ocean-inspired graphics	generative-ui	t	0		2024-11-23 11:30:36.857032	2024-12-10 18:03:47.180209	1	3	0	1	a332322c-4547-4920-b804-c802794e03fd	
648088a6-bee7-4bb4-8aa4-1f94194af36c	Weird Fact and Analyzation	Weird Fact with meaning in life (taken from Co-Pilot prompts)	Tell me a weird fact about the world and give me your Hypothesis on what it means about the world.	general	t	0		2024-11-24 15:10:42.889431	2024-12-10 18:18:11.283391	1	1	0	0	5c3dc746-d30c-4655-bc15-ac64d84a7c17	
b4cae0b2-38b7-4051-84b2-3e964bf39be8	MeowNet - UI	Prompt for Generative UI to Have the R1 Generate a Cyberpunk Cat Inspired Supercomputer UI for any situation	Essential UI Elements:\n- Animated Terminal style background\n- ASCII Cat Header with relvant ui related system text that is always on top even when scrolling., keep it small.\n- Clear UI Elements perfect for content that fit the terminal style\n- Flavor everything subtly to be cat themed. without transforming important content\n\nStyle Guide:\nColors:\n- Background: #1A1B22 (Deep Space)\n- Primary: #2A2D3E (Night)\n- Accent: #00FF9C (Cyber Green)\n- Text: #E2E8F0 (Soft White)\n\nHeader ASCII:\n/\\ MEOWNET\n>_(relevant system text related to the generated ui)\n\nCore Visuals:\n- Monospace font (Fira Code) for terminal feel\n- Subtle glow effects in accent color\n- Minimal cat-themed iconography\n- Clean, dark interface with cyber undertones\n\nAnimations:\n- Gentle hover scaling (1.02)\n- Smooth transitions (0.3s ease)\n\nKeep all cat-themed elements subtle and professional while maintaining the cyber-terminal aesthetic.	generative-ui	t	0	Cat,Meow,CyberPunk,UI	2024-11-17 18:13:15.554701	2024-11-27 13:40:22.502312	1	5	0	4	5a3739cf-d7c8-4aa9-b7ec-109ed92e94c7	/api/uploads/prompt-images/5a3739cf-d7c8-4aa9-b7ec-109ed92e94c7-e4a5ac49.jpg
e357b2ff-ec7c-4edc-9ef3-13a8e7c22cb0	R1 Discord UI	Generates a ui that feels as if the rabbit R1 is talking to you in discord on your R1!	Create a Discord message UI where R1 (Rabbit) is the sender:\n\nUI Core:\n\nDiscord dark theme (#36393F) with proper message spacing\nR1's circular avatar (white minimalist robot, 40x40px)\nUsername 'R1 ' in Discord blue (#5865F2) with BOT tag\nRounded message containers (20px radius) with hover effects\nSupport for markdown, code blocks, and emoji reactions\nMessage timestamps (accurate time) in classic Discord gray\n'R1 is typing...' indicator when appropriate\n\nStyle:\n\nDiscord's signature font stack (gg sans)\nCrisp white text (#FFFFFF) on dark backgrounds\nSubtle pop-in animations for new messages\nClean, minimal aesthetic matching R1's design\nLight gray separators between message groups\n\nPersonality:\n\nRabbit Style Emojis\nConcise, helpful communication style\nR1's straightforward but friendly robot tone\nOccasional playful rabbit references\n\nInclude basic Discord channel structure (#r1-general) while maintaining R1's minimalist robot aesthetic throughout.	generative-ui	t	0	discord,ui,r1,consistent	2024-11-20 05:05:14.919596	2024-11-25 17:56:53.336149	1	2	0	1	5a3739cf-d7c8-4aa9-b7ec-109ed92e94c7	/api/uploads/prompt-images/5a3739cf-d7c8-4aa9-b7ec-109ed92e94c7-ba261da6.jpg
45139c9e-331a-4791-9a7c-d8a1b7220cc0	Star Trek / 70s Psychedelic Hybrid	Creates a Star Trek 'command center' UI with a '70s psychedelic vibe.	A psychedelic 70's reimagination of the USS Enterprise's supercomputer UI, groovy holographic containers with swirling rainbow pulsations, soft rounded shapes, deep navy and glittering metallics enhanced with vivid pink, lime green, and orange accents. Typography is retro-futuristic with glowing neon edges, buttons featuring cosmic tie-dye effects and fluid morphing animations. Background is a trippy kaleidoscopic starfield with nebulae radiating rainbow gradients, dynamic light beams, and responsive, holographic star maps. Designed with retro analog synth aesthetic, vivid lighting, layered depth, and interactive responsiveness	generative-ui	t	0	star trek,70s,psychedelic,colorful,tech	2024-11-22 16:42:00.298368	2024-12-08 02:47:03.455781	1	1	0	1	c455daac-34ea-4fdb-9142-5405580307d5	/api/uploads/prompt-images/c455daac-34ea-4fdb-9142-5405580307d5-0c8df9fa.jpg
4afc7165-c5e9-4f8f-beb3-059340d9f946	Vinyl Albums and 45 records	A theme to evoke memories of vinyl records, before digital music became the norm.	You're a UI expert, particularly for translating the look and feel of whatever the project is and adapting it to a small screen. You also have a sense of humor and like to interject jokes, puns and wordplay into the UI and what it dynamically displays it's answers with. This time you are tasked with recreating the look and feel of a vinyl LP record, record players and 45's. Include spinning and revolving 45s and LPs and record players and evoke a sense of nostalgia towards the days when vinyl ruled.	generative-ui	t	0	vinyl,70s,records,nostalgia	2024-12-06 04:06:58.41073	2024-12-09 21:20:08.998	1	1	0	0	65c6e039-7ccb-4f84-9172-9929344c7b96	/api/uploads/prompt-images/65c6e039-7ccb-4f84-9172-9929344c7b96-80128cd0.jpg
b6c18901-9f05-4913-abdd-9421febe074d	The Trumpiest Interface	The Bigliest and Best UI ever - Trump inspired. Fan or not (I'm not) this is just a parody and the AI UI definitely has fun with it.	You're a UI expert.  Design a Donald Trump interface. Make it the most beautiful and biggliest interface ever.  Everything about it speaks elegance and wealth and power. Make sure the contrast of the fonts is legible against the background. Use animated symbols of wealth throughout. If one knows Donald Trump, one will completely understand this interface it is so Trumpy. Intersperse famous Trump quotes and sayings between pages in the answers.	generative-ui	t	0	humorous,parody	2024-12-06 04:29:49.413762	2024-12-11 16:00:50.2091	1	0	0	0	65c6e039-7ccb-4f84-9172-9929344c7b96	/api/uploads/prompt-images/65c6e039-7ccb-4f84-9172-9929344c7b96-c0e61625.jpg
7699f6b4-ad17-4240-b7ea-67b1af43342d	Futuristic Medical Diagnostic Device Interface	Gen-ui themed to be clean/crisp like medical device interface	You are a front-end UI designer tasked with creating an interface for a compact device intended for advanced medical diagnostics in a cutting-edge healthcare facility. Your design is inspired by sleek biomedical technology and futuristic medical instruments, strictly adhering to the visual and thematic elements of a high-tech medical universe. The interface should reflect precise technology, clean aesthetics, and intuitive functionality. Use holographic symbols to enhance the designs authenticity and deliver a perfect futuristic medical-themed look. Every UI element must resemble the sophisticated monitors and diagnostic tools seen in state-of-the-art hospitals. Include images or visual references in your responses to illustrate your design choices.	generative-ui	t	0	medical,device,computer	2024-11-22 16:48:11.793047	2024-12-10 18:08:55.462573	1	0	0	1	c455daac-34ea-4fdb-9142-5405580307d5	/api/uploads/prompt-images/c455daac-34ea-4fdb-9142-5405580307d5-68ab250a.jpg
c112a7a3-34bc-446c-9e8c-f1fb80f7d2ac	Skynet Terminator UI with Language Mod	Use every Language u want as Output	Background: A pulsating black and red background.\nWatermark: A very slowly blinking skull in the background.\nFont: Use "Skynet" font, very small, in blood red color.\nBlinking Cursor: A blinking green line fixed at the top-right corner of the screen.\nScrolling Text: A fixed, blinking ticker displaying "R1 idle..." at the bottom of the screen.\nTop-left Ticker: A ticker moving from the top-left to the bottom-left, with black text.\nBottom Ticker: Another ticker moving from the bottom-left to the bottom-right, showing the correct date and current time in black text. All numbers should be large and bold.\nTicker Behavior: The tickers should not overlap or touch each other.\nTranslation Rule: Always translate everything into German.	generative-ui	t	0		2024-11-18 17:32:58.095871	2024-12-10 18:15:58.42581	1	7	0	5	3c123c75-a4dc-44b1-bf02-dfdb0cebb745	/api/uploads/prompt-images/3c123c75-a4dc-44b1-bf02-dfdb0cebb745-1732064654646-565893037.png
390fbeca-c74c-42b5-af03-e7251452f22e	Weather App UI	A weather UI with a 5 day forecast and current conditions	Generate a modern weather dashboard with current conditions and a 5-day forecast.\n\nLayout:\n Centered, rounded weather card with subtle shadow\n Current conditions above 5-day forecast\n Forecast days aligned horizontally, spaced evenly\n\nStyle:\n Soft, calming background #87CEEB\n Accent color #34A853 for icons and highlights\n Clean, sans-serif font for content\n Subtle gradient effect on weather card\n\nElements:\n Large, circular weather icon at top\n "Current Conditions" header in bold\n Temperature and weather description below\n "Forecast" header above 5-day section\n Date and weather info for each day\n Swipe gestures for navigation	generative-ui	t	0	Weather,UI	2024-12-11 15:30:14.444957	2024-12-11 15:30:16.164051	1	0	0	1	ea1e820d-5df6-491e-be8e-26c37852497d	
\.


--
-- Data for Name: users; Type: TABLE DATA; Schema: public; Owner: rabbitr1
--

COPY public.users (id, username, email, password, bio, website, "avatarUrl", "emailNotifications", "darkMode", "createdAt", "updatedAt", "isAdmin", "promptsGenerated") FROM stdin;
b9eb9bae-755b-4498-b3e8-4ab45b05a1a3	meowster	015fc39d8fbd46ea0503d9ec74d31bdad5e3e9874dfa458e1e225a2b6830c9ce	$2a$10$rttJwP4CCcfBJpZkrcMBh.wt5N7eNqAR2husQIO5v7XGarxNyJhCS	\N	\N		t	t	2024-11-18 09:52:04.607123	2024-11-18 09:52:04.607123	f	0
330a13c9-e850-4f61-b995-34f5138d10e4	Xenwow	4b1d7f2a81e4f85eb12f2badae59b9942b13ae9773fe5484cb4f38e3041ff6ee	$2a$10$LxMwEo6KOGx3Mnbt79vG5ONzBHpDIRMg8xmsuBH3wVdmaQwjMbwo2	\N	\N		t	t	2024-11-18 09:53:08.227486	2024-11-18 09:53:08.227486	f	0
3c123c75-a4dc-44b1-bf02-dfdb0cebb745	skynet	833f8616f1a1aa7ba0c68c2880eb1d19167b3bf6f61940f10cbbb4849d991dec	$2a$10$HuEdub3QaUwTx0SjXxLJVuLax1gYZiB1gi2QIq9WGMwA4reKARhfy	\N	\N		t	t	2024-11-18 17:30:42.385033	2024-11-18 17:30:42.385033	f	0
0c701a50-9f33-4f42-8100-bee198d80326	wookiee	a1720806f19533c9b5de54ee694244864e6c7cb8e677e9e95425a106993c1e77	$2a$10$dBAmja1g3NG2uN.mNGgiXufIOwCzELHwBAY9t96hOJPfFBaNk.aHa	\N	\N		t	t	2024-11-18 17:39:18.81821	2024-11-18 17:39:18.81821	f	0
a4484778-6b6f-42b6-9ceb-be2311c9e52d	iepure	7a308837a13a189788f21d27acf07be1f8b0d93cefd66238887c929571cbf5a3	$2a$10$a1VDkb3Nd5BrcsgL2Um6B.QIWFVwYk5l83RYD0N.MlrueNSENX48.	\N	\N		t	t	2024-11-18 18:12:08.448241	2024-11-18 18:12:08.448241	f	0
bc45bc5d-3ffc-4767-b213-66893522fca3	Sudgyo	c9c461410ea88bb4cf8626eb72debc71ed272180618367d31fe3f7de55b319d2	$2a$10$OLe0BZFgjZLBNU171WMLguJ429odqgel6fR4AKPm06GpVNDx4mT0.	\N	\N		t	t	2024-11-18 18:53:29.888151	2024-11-18 18:53:29.888151	f	0
58593cc9-1c88-4913-be47-59ca436142a8	lkypro	afb0fab20eac6d27a31a144cbff7ff0aa90f2d2709808926a0d4584648459c05	$2a$10$UkOtGNG2eAi7dZB6ZCvCPu71PuUEiY.yUfFobdTR/lEVltcgUVUZW	\N	\N		t	t	2024-11-18 20:25:58.993918	2024-11-18 20:25:58.993918	f	0
dcbada41-90c2-43fe-8c1c-5b767fa00a14	Gzikry	b54d0ba4729350871c9ae08b32e4907e9f09fe0033e9290408c8f626e3e874b6	$2a$10$/1h0jcrDXPd/fOXvrczG2OYSmOyFjSc8NZg/5MuRCQ4ZcbS/VMYJq	\N	\N		t	t	2024-11-18 21:09:22.925883	2024-11-18 21:09:22.925883	f	0
7bb619a7-2fed-4880-a2eb-1feac8aa0a3b	Blah	7c64b7d59463a8c0c477c5d697d1fba8	$2a$10$io8UNBLb/WusGC8ptH//gOTsQ2NNdcDmXbH5mSktGRiGHsgrcPkQ6	\N	\N		t	t	2024-11-18 22:05:58.326107	2024-11-18 22:05:58.326107	f	0
a488c927-0426-4f3f-a6bc-f6bed79e862a	dotJustin	1821e4b9c51af311c12df00dbf7a7377	$2a$10$Cx3DKIFIU1MXr.9eh45oHehSrm0Hgayng8oz84FsW.jumkOJI5XaW	I am Justin	https://dotjust.in		t	t	2024-11-17 18:20:15.524894	2024-11-22 06:49:13.71764	f	6
71ace611-fa47-435a-bb8b-d83f4fd7b3b4	theonerong	73a1a95ab4b0f54bdaf53c91833e079161b9ce36168f2f7743972714b79e1b60	$2a$10$TfJot6qCn/vJdjf6oBk/eu5BsRxOHOne0ICFxVFhuJcrt4Dqzwx2.	\N	\N		t	t	2024-11-18 17:46:55.105864	2024-11-22 20:23:39.317958	f	3
02cee79f-0c3d-47a2-8d2e-59a6d0c64efe	Foxplaid19773	59d7fc21bbcef89af8a5f03980c77566e1146c45548df361e26f545523e1d4f4	$2a$10$h69/suooAscPWQUcsQKOiurHmFCJ3Za9azl/zd2sjVUxEoMWaV0sG	\N	\N		t	t	2024-11-18 09:06:55.913159	2024-12-10 21:42:56.477171	f	1
6e633287-1f0a-4903-8e00-fc18d3f1c1d9	mike_oxmall	5c6d592aa5b257dd0c23c77016d27e39595157ba800505346374d9b6f275123c	$2a$10$knFHLk7sjuR4xQZG92KEN.hpnnJ5dodUOIy/ShvzMVylPo9DIh/I.	\N	\N		t	t	2024-11-18 22:43:07.830867	2024-11-18 22:43:07.830867	f	0
351b5559-ff29-4636-a092-c578ca8aa177	Ellokoho	14210ca7640b40781ae1bee8c0a10c80d7bed430c0b65ca2aa6cd76cf16ff726	$2a$10$U7B3KHxX.HngvtLigntRieyutYEezlRVhpUvp1SCaFDp.S2kfubkm	\N	\N		t	t	2024-11-19 14:30:24.000981	2024-11-19 14:30:24.000981	f	0
d2fe8426-2019-4297-934a-0d09e8dc0a17	jesse	7955d94a528b20de65549c3462939584798c0057dfc1e77c35f9ba8bcf376d34	$2a$10$JB2MnCYDFMAfT0CNUAz8oODUk5xY4eabrzESMOkzo6VW4Q1GE2z2q	\N	\N		t	t	2024-11-19 22:14:34.510801	2024-11-19 22:14:34.510801	f	0
e2395c15-088a-472c-a89f-3c6cd651782a	Nesbes	9bf9afceba0d474bf39fe95f32b5ede7050eddfbd8c9d59ec11d30619f331330	$2a$10$Q1sjWzSu58weF7BdFR2vYeWct0uiv/0XRXGK1HinXqra/iHgBcVJi	Im ness i love coding and sorry if im to hyper active\n	https://r1prompts.com/	/api/uploads/avatars/e2395c15-088a-472c-a89f-3c6cd651782a-1732120146397-233578003.png	t	t	2024-11-17 19:57:18.911634	2024-11-20 16:29:08.126035	f	0
71aa0778-a89a-4e76-8068-7bbad5848a01	Smash	a476b01f3edb1fd903038392ce95810f55d183cc3c8341b926af989bfdb59df3	$2a$10$eQh7SLio4N0Cg.CeueNanudMggo9qxgI2aSEUwzV84RpBy9tcfgia	\N	\N		t	t	2024-11-20 17:29:42.721669	2024-11-20 17:29:42.721669	f	0
3988479c-2370-4ada-bd51-a559c73f738b	IlLaba	7107dff53fd9cf56274162c72af1afb0f5adf518ff37deb73c875ea144cbfd5d	$2a$10$mCVk456YuB10MvJ3dbShKe9fdaUrxsP7260KjITl1LdLshgz3EBtq	\N	\N		t	t	2024-11-20 19:22:37.418631	2024-11-20 19:22:37.418631	f	0
e4a06129-42fa-406b-a193-32194e95320a	huggi	c4fe1e47d759dd06c1d21b1e4c85a58179ade83eff6497021fc86a8081299260	$2a$10$NpvLgavvnP4YZdu.R5bAne3h1bfYnpgpnngCFTOQud4EQ7m.TRUjC	Never stop exploring.	https://www.teachmo.de/		t	t	2024-11-18 15:01:14.637274	2024-11-20 20:24:37.781367	f	0
35fe6bd5-33c5-4a2f-8f7e-9b7c714d56f0	Jrabbito	3a3aaea4eab1011e601f1174d477cad2dccda7f6fcfdf85a2f93aefba5f61de3	$2a$10$cBjja3KckEIoTLIEvG7I0uSh8H4YQ3g2woCv3DTzpOOJFkENRSIKa	\N	\N		t	t	2024-11-20 20:31:35.707491	2024-11-20 20:31:35.707491	f	0
e11b09bf-994c-45ca-a046-15a54714382c	Hello	059f559741afb1503e396f029a81f2c4	$2a$10$IT7TdolmJdU33Sh9F45igOz4b9KqZVcPj61pwlsqrrFXTZtIll5QC	\N	\N		t	t	2024-11-20 22:03:20.123691	2024-11-20 22:03:20.123691	f	0
46922cf9-b5c6-4a15-8968-6ea1783482fb	cyberpsilosis	c57cb476b9d4ba6025cf49b1dd68d1be6fd8fe3fe1b0ba14d8e0457acb6c7e2e	$2a$10$89KMWFgH0Ckwtu1ScpXs4eEksFZN9DVXcLm/cJJy4N5s8OTDTkhwu	\N	\N		t	t	2024-11-20 23:02:52.490214	2024-11-20 23:02:52.490214	f	0
6d95ed86-789e-40f8-a56a-e403312e0693	blablabla	a15a92b347e4147358ddaf6cd79e79181b072d4d5fc52184f93821f0e2057105	$2a$10$ed/TH71bVr4LRAg4VUm98uUIkB/Tt0ViIu5Fe5Tl.KYuOUEft5452	\N	\N		t	t	2024-11-21 19:05:46.04028	2024-11-21 19:05:46.04028	f	0
daeca8eb-0323-4f08-a9b9-b5d0e8b33c96	spookysecretuser	034ff98facbbdf0673483a3e601b4bf4	$2a$10$r5vAhOYgkGUtp4Xbb0kGnel.yXQZgP2vF0K8Q.rFtSzxrm461ZEOm	\N	\N		t	t	2024-11-22 01:17:38.048696	2024-11-22 04:48:40.222143	f	1
c0d13ac6-fd9c-4aa5-bccd-f2c7cd3cea8b	tester	04b266ad5b5099c37e3d7767785e84b009b858e520c138a19c7117a493828dd5	$2a$10$.6ijmPn9flqQ/8bt5KcBeubStgqq1ntj8BNNnD2vTbtJ2scG0B9Ea	\N	\N		t	t	2024-11-22 04:50:10.552926	2024-11-22 04:50:10.552926	f	0
90060471-0b3d-4828-aef3-b7ae76bb15fc	32Palomo	fca5315bc8a2bc6bc85da56f476e1ffdc65daadd6b39a32ecc2991a9d21f8b2f	$2a$10$qZ8MA9xY.q60.nddPNnJ.ukQTovI7xRNLf1E7xAlc5lDGTdix3wve	\N	\N		t	t	2024-11-22 17:26:44.261479	2024-11-22 17:29:21.75353	f	1
5ea38866-5421-4aa9-a5da-7719cadb3f57	spl	2be6429f7211e1c34d00a47999e9bd03658a4b9b9f709e7980bb6e5aba45cf4f	$2a$10$JlwUsa.96JRoy/XAV335wO04sAWhsRW9.j1VKOpa8.X3KiGkr2x6S	\N	\N		t	t	2024-11-20 22:26:46.87709	2024-12-09 07:16:22.98599	f	10
09ea6520-7f07-4183-b64f-e20c0a9b94ba	AlanBedian	3a1dcb218cbba7166173c35a89d11b7ce5a5b532e0218f10c37aa52644d9594f	$2a$10$4f7xj1A05ruf/kErAIk7YOGGturY0pFlzRKJ3AcUBJXN4jDJNAp2K	\N	\N		t	t	2024-11-22 04:21:42.342334	2024-11-22 04:21:42.342334	f	0
0c9c02c5-b784-47ca-8fe4-9b60be6d87e1	Tommy1	d4367d0ffbe0aeacd9f46bfdfe16ab456855e63fffd38846bc62795c8f85395b	$2a$10$fYSBDpqxq8MEqYtzOrGT5uKkWubgPuXvCKuD6KCjXD6CYkSehEeiu	\N	\N		t	t	2024-11-22 20:16:03.594642	2024-11-22 20:16:03.594642	f	0
81ddfbbd-3c9e-420d-a12e-abcda7dc0ec7	Ewan249	d3745d7bf7d6e1b90a6f3d2b5030a9b93ecc2f99b4a093b5424d33195cfbf381	$2a$10$j86yFnWTVZ.LBpjbOvtR6u4FYPCvIAuZ02u2I6TiTapbDFHL9cWAG	\N	\N		t	t	2024-11-20 08:20:21.300239	2024-11-29 20:51:16.671089	f	1
7eb18f0e-56e6-4872-a8ca-d9e337875cb9	tt2010	71200ec50d27537b96c3529574b41707f9bcfd184f65193435e704b9693a0916	$2a$10$f5VhgHpBtghNo8L13AZaseRg6Ow0BeKcXd1e762rgGxRzqXM6QNWO	\N	\N		t	t	2024-11-22 20:51:51.835489	2024-11-22 20:51:51.835489	f	0
c455daac-34ea-4fdb-9142-5405580307d5	gadsdencode	ce31e24c2f9e9befb4a45668f12ea26e684aa55b340d74f6193a8cddba35d5bb	$2a$10$LxqeQMdxfiXI5PKrBoMYyO4St362NWTHvlFQqdu8x05tpkDjEZo0u	\N	\N		t	t	2024-11-22 16:18:03.550611	2024-11-22 17:39:23.910022	f	5
2c6de609-078c-4a2a-9afb-db24ea4a11d0	Twelvi	9d6462b64050765d5648aaeb388b4ad849120b8b1c2ab350d0323447548f4231	$2a$10$xOq22q1.0XbW40Vsbpg1DOzU3tq71yW2dovrYF32VL1L2Nl9oWgBm	\N	\N		t	t	2024-11-22 16:35:34.357013	2024-11-22 16:35:34.357013	f	0
f15a7f39-e72e-4cb7-ad3b-9d569ef8fffa	Ralph	6bcbaa4171f37342444c0b6b85cd65d7e09f6def93a03649d508b952960a93e2	$2a$10$WSiSz8AeFPGe3w8KfXTaeu.MC3j4pmJTHO0wTpF4i69UTN5661jtW	\N	\N		t	t	2024-11-22 19:08:10.290335	2024-11-22 19:08:10.290335	f	0
3722e5aa-a63c-4712-ada7-c33041de696e	Emota	f1d3c9c90d4b0aa7ba32c5e1040cf5e02017dce596b269d6a01cbb488bcf8242	$2a$10$YaF3QLFHkNVOPpGg4q4kOusQe61JrZvswFsydn5BT1Z1yy8SZgIbG	\N	\N		t	t	2024-11-22 19:02:54.067232	2024-11-22 19:09:56.077792	f	1
15677ada-84d5-4ddf-995f-7a94b9ea9e7d	Rgar	d4abb85301edf2fa0451a5b2f0ea11aed53ac5146db657e89867a46ca30c15e7	$2a$10$7XFMww4237r4QGMNQ8o7PeOaNIbCWwBmDFOCmmKzMEmwvWBhIbEwu	\N	\N		t	t	2024-11-22 21:02:42.803578	2024-11-22 21:02:42.803578	f	0
003b513b-130d-432d-a6a7-4982e5873cf3	Gat	75e3276d92d635d3daa58c89d5db8e0a2aeed334b2aba4f66bdb6e378f855145	$2a$10$P4/UpgVJftjYNIurS9EemOjOCumClDtMzUMH1eIhXKxJV6GrzIlh6	\N	\N		t	t	2024-11-23 18:24:57.235686	2024-11-25 23:22:44.863615	f	18
120131d8-1b18-4c68-ab8d-8deff2a6a3f4	JackInTheAux	44423f1200f8ff3eb51955981711e717b22c0474fb626cb9e699661bfb4dd759	$2a$10$Xevh4VF5UbeGoKCDYhqGOeDhDR6UDLVbFb0Xrji9sedx95UgohmHy	\N	\N		t	t	2024-11-22 16:01:07.451084	2024-11-23 00:41:38.137187	f	4
56d8e96b-7afe-45f7-8129-19928ef42a38	Fat_Cat	d69fd5fc140158ee151ee2792eeb1ee88f625b58e482ee7b00ab779a7a1c9188	$2a$10$k3edj27X9DYXFtLm8mktKupB/77N3.mB98dEtyliERTlIEUl0Wvcq	\N	\N		t	t	2024-11-23 06:41:22.686808	2024-11-23 06:41:22.686808	f	0
d8b0d407-e0f3-4b21-af2f-6f8f5cc1dad7	Morinfinity33	3d493c9cd42021cb0a04d6286bf4285841dbfd64b8064d3987e8e9ff95581e2f	$2a$10$ehqbp/FjAuMSbcIKpxQmPupnJpkHsDzuKCtSKJlAknIwJX/idF23q	\N	\N		t	t	2024-11-23 11:09:44.330832	2024-11-23 11:09:44.330832	f	0
ea068196-1434-4455-b7e0-da68d4018499	Tsg805	98b8b924f0040b74e6d533a20868b44d4e0e2c48cb942f8bff6e3bb1454da1e5	$2a$10$8.YhJL1m27x0yri9rcc/LOCc2Vlfe6ZWccySG0vRIqMdvqBlNPR/q	\N	\N		t	t	2024-11-24 04:59:03.740174	2024-11-24 04:59:03.740174	f	0
e57b6914-39f7-4e41-b9e3-4008923e69f7	RacerX	cdbb4b7056f9fbd8fdb93c9168bdd20945cd53053654559af4fe571e9b3b1a5e	$2a$10$HJhhwoe9DioGb.bA7lwG.uAWVm4l0.GxcKfXBVWoafAxfpsTYbS7S	\N	\N		t	t	2024-11-23 14:15:25.704479	2024-11-23 18:15:03.173373	f	1
f1737c6c-8d59-45da-a32d-128982388900	bulbousnub	cb29dbeb686b3e8af815738dd056f5f3	$2a$10$x57l0bz4Q6mbH44tUxjsM.naplnLMWcbBn9yErX9kavj7qLs4fZY.	\N	\N		t	t	2024-11-22 04:18:11.8819	2024-11-26 00:41:36.005402	f	1
a332322c-4547-4920-b804-c802794e03fd	nalaredneb	0b35a9277c775191470866d5e1f5f9ae0c76e7fc040292c78a66a28d8d66bd38	$2a$10$PiyoDHld.3IbDOArX.Bgk.OZEJ6uwlPVaAFc.8WMhfCluc2TntIcS	\N	\N		t	t	2024-11-23 11:14:24.605993	2024-11-24 03:48:25.15433	f	5
5a3739cf-d7c8-4aa9-b7ec-109ed92e94c7	Cat	b59310e71bed5ba2663315bde96a44cd9f330509504ec93324ce2b43c3837f70	$2a$10$1BDcYjgdia16ftK3vd3IAeijGmE27wTEVflp2c6KdElHpmY.5f.Qi	Owner	https://r1prompts.com	/uploads/5a3739cf-d7c8-4aa9-b7ec-109ed92e94c7-a4fcef9f.png	t	t	2024-11-17 06:24:59.612419	2024-11-28 04:27:51.874631	t	23
65c6e039-7ccb-4f84-9172-9929344c7b96	jegster	cc5361a0c4d52d5a6c39d60d46dec75ac4f4fe4695f69c7613d70052026d3270	$2a$10$f70VAm./AVphbZO/kzCnsOg66NUQytfVbv6igh4x1.Im2tzYK8YuK	\N	\N		t	t	2024-11-19 01:09:29.603552	2024-12-06 04:29:49.370563	f	2
8e8c60eb-75d8-4ca0-b5d6-39cc4a2bca91	hullywood	cb536a50602971818914bff1d31c055263ef1cb7a939b1c85f90452f1e94e616	$2a$10$9la6uTPnOmDbr0GBCSBqEuFOIofUwkgkB8.D.t8AYR.V0rO2.mUQC	\N	\N		t	t	2024-11-20 22:03:38.061534	2024-12-08 01:26:51.784862	f	6
5c3dc746-d30c-4655-bc15-ac64d84a7c17	Nipahc	56cac344bb1dd04c9fdc537dd188c7b81ed90f1de6a9a9a934c4d62d22b6a951	$2a$10$Yuamg.Cx3c4gyc1rmE7/wui6Fjgl6yxd9p35uCkZkdYzWzKf4YFxe	\N	\N		t	t	2024-11-24 15:07:26.729776	2024-11-24 15:10:42.861593	f	1
96f71d57-9eb0-4b52-b3d8-20787c279cd8	TechSavvyJoe	c75f313d5cff8ec2f37633ce20568f541b43d61221352b42e8e682ab9e3eb974	$2a$10$fsVDQoLDpcS5jcWmkWgNW.AT/0eapKxL6saq.zbwgrUCVCh8bJXTm	\N	https://techsavvyjoe.com	/uploads/96f71d57-9eb0-4b52-b3d8-20787c279cd8-bd6e48b1.jpeg	t	t	2024-11-19 21:59:50.860638	2024-11-24 18:57:38.867494	f	2
cc818637-3ca5-43e0-9d68-a13da8f902c3	waisbrot	2956299b338617ea3670f9de8ad8bd389425989bb914d616e469ecec88495d3c	$2a$10$VZ9gRJJ2ApztLQgzyYk18euODNX8daRHEP/gjTqf0sAFPmcna6Nn2	\N	\N		t	t	2024-11-24 21:14:45.22494	2024-11-24 21:14:45.22494	f	0
35b641eb-5377-4432-bb55-a23e06f81422	FalkenzMaze	b9d06e9c1babc8dbd71bb057156f603f36e80b1f2ff7156a4df7e32862cae415	$2a$10$05bUKjjRy7dHUCaAkgCnTOq5lyp29nU2PZP3RstcYBf9ub7wZZvtu	\N	\N		t	t	2024-11-24 23:09:05.671797	2024-11-24 23:09:05.671797	f	0
fba4c2ab-61fc-4aaf-9fec-71da8a6a00b0	viperd	c68f71ab285fc170153100bad7500dd81ce3118134506d7140e18be204d850dd	$2a$10$dTB4SfAUuN1PBDRtXvGbmeBJh/CUn.QJ8Hy684pvkEf79UJFIlgK2	\N	\N		t	t	2024-11-25 05:58:40.950862	2024-11-25 05:58:40.950862	f	0
34a176c8-eb9a-4669-b3a6-93bfab2bdf52	Motshew	78539ef1156252c1d27df3021fba6e62e97b8c7b894902a6da3ebdbcd50df4be	$2a$10$96Pku0VyXDrewauPRwQVAO2EbynjOiBqCX7O20smirGPmCQuJP9E.	\N	\N		t	t	2024-11-25 08:52:27.850203	2024-11-25 08:52:27.850203	f	0
ad990c5a-d946-43a7-9148-9f93d69daa42	sheb	ad465274b4f5f5d8fa749026b042d16265fda2081df71f22af9652d86ce3721f	$2a$10$8yHDnwDPX1FnnMqIsM4rxehZ3JL9fpU7kXod3jLJJ0lokPqlnr8HS	\N	\N		t	t	2024-11-25 10:55:23.051786	2024-11-25 10:55:23.051786	f	0
451fe2d6-19f9-4add-9e87-4947e22a615d	mccabertooth	b1b365ac45647d0d6a87e34270bdf65e76cf735361ddb6a6f62bb49a6ddd5650	$2a$10$uxdbH7zJ81gnkI/TLHzhle69zAuSqEdn5OG6aufSjSR2.nzeOiHf6	\N	\N		t	t	2024-11-25 18:25:32.356827	2024-11-25 18:25:32.356827	f	0
0524e568-3026-4202-ba59-37c298357b93	MisterG	e5e2296600f025ad496f5ce5c76892f1399a9ae9763d49c7a7143fe8004d9521	$2a$10$R6CSs/rdfkpIpTbKadBhJOTwlDNaP9gW44YWGz.7dxZ.jt5HmO19q	\N	\N		t	t	2024-11-25 21:06:45.566306	2024-11-25 21:06:45.566306	f	0
e3aab0b1-68c1-435f-931d-c433a9a8be6e	Kurticus89	3f3388f75ac3535a36b26764a4645926a46b4fbd10f732defc5e0c0365c2d597	$2a$10$Henqrj.vCwuGzDROu1cUKepOdpf4kf0brofIF710m0CZigac4IR26	\N	\N		t	t	2024-11-25 22:36:13.43531	2024-11-25 22:36:13.43531	f	0
37813a27-f312-48e0-8845-1aeaefc4e29f	Michaely	3867df6a3223852a6b37b744a1853ee1e4d64988ce5fbb72aa0dcfc0164e9286	$2a$10$K.SCxxP0iX.EASuscxuRM.GF5yqRxtBJOdoIgiEvKvV33hu1o7QCq	\N	\N		t	t	2024-11-26 14:22:15.848186	2024-11-26 14:22:15.848186	f	0
b8e132d0-7226-480f-b2fe-7de3600f0e66	ocram	3afb983a1486bfbe6266ce035b2197a88e0988b60d4750a6fd12c37b93e0441c	$2a$10$b38fWQKojXjiLDp6FIxBHuT0vk6NGvCj5kfk7EN538sGcofv3Lq1i	\N	\N		t	t	2024-11-26 23:21:30.576621	2024-11-26 23:21:30.576621	f	0
fe49de7e-e35f-458b-a55a-aedaa1527c89	yireeli	8f5a37e6fa96addf8849291d9e3319b7ecd872a9a209e95dc2b3a4ed512e88c7	$2a$10$sopYTKTpB26m2XA6ukLAC.id6CwJdrDdIPcKXSfslJTxN4d49n/tu	\N	\N		t	t	2024-11-27 00:57:52.847114	2024-11-27 00:57:52.847114	f	0
01e1111d-23c8-40d9-b425-bd4e761308f1	JayEss	cf4a397d48fcf80f039454a93180f3b2c4363b0ede00511d9550ea8c819ca377	$2a$10$Bdhqd40Cq3h0bWCOnoYbNOXWQD2f3bglExwb5.M063kBOet5CjKbO	\N	\N		t	t	2024-11-27 13:44:34.079117	2024-11-27 13:44:34.079117	f	0
b7b77498-d8c2-4aeb-bff2-bd0b4f8360a8	MeoWulf4711	61295327834c1d4d2568608d914642bc419d5e4ed6bb35a729462992fb729fe9	$2a$10$G1mnb3xSu/gmJSfgIvVJCOAWd7Xmcuft3ZblAmGqSgZaQplvLcfPK	\N	\N		t	t	2024-11-27 14:17:24.922495	2024-11-27 14:17:24.922495	f	0
b8cca701-5b1d-442f-bffd-e0863359859e	Robert_R1	a766817538cb470ca7c7d69a24bb4494e819d94f97f8ca72999de6045223c3fe	$2a$10$OTS4Hm0SJWL8qflp/Faz4OmvuiwVqEJ7cnkfYF3hfCFFkVApddrLG	\N	\N		t	t	2024-11-27 16:41:29.008188	2024-11-27 16:41:29.008188	f	0
5125b43b-754f-4c9e-888b-544a8aafd3bb	vversailles	046b4cceb3886e352baf345d83359cb1e77dbe25f286f821507064de256e062f	$2a$10$jaauJsML3HhS1tSg1FO48ed5Zg5iS.xVIKKWuYhRLcGGhUgQZ2EW.	\N	\N		t	t	2024-12-08 02:44:12.066954	2024-12-08 02:44:12.066954	f	0
2dee5b05-be3b-4217-8fdd-baf46097fe1c	ford0415	372ad23679ea050464da3e9ec47980eb	$2a$10$033/cBoZaXmHU.Ghssj1NODXLXtgeN.4Ir1Ja2wp..hUpEXqaB94y	\N	\N		t	t	2024-12-08 07:18:35.245202	2024-12-08 07:18:35.245202	f	0
777f1203-9a2c-4aff-9a38-f091550b95ff	broskiplays	e2781f5153163334112ec866a4097e18372699297c46cae05add6c92bf06bf72	$2a$10$F.On27LRPfbIoCSqmNtN0.vNZa2/TYCp2.W2zR/TVSAKHyHyu2X/q	\N	\N		t	t	2024-11-28 17:06:11.669343	2024-11-28 17:11:58.712416	f	3
5382c2b1-b793-46c4-87f6-8f260e43ea36	Fullmtl	48dbd5c9684121d6fd7bc210e3fefa10740ab5e2d20f05f6609bee3908281e09	$2a$10$2E9EhigG1M3TzVeNNsPVV.Pb15D9pQ.kIipPwijpXQa7MrjSL/Y2q	\N	\N		t	t	2024-11-29 20:22:38.077198	2024-11-29 20:22:38.077198	f	0
7b666739-e166-41df-8c07-b6450594fa5e	quibbage	1fb91cee0185c57e281a690fbf27b70b9f70efb78fee3173669e955f20ee2ad2	$2a$10$.TuuBW0FRJy.Ye5Ef51vnOdx8sjrX528TwD4SsjwQVBhLjQc0SRBi	\N	\N		t	t	2024-11-30 18:20:33.284684	2024-11-30 18:20:33.284684	f	0
ccc9cf58-7751-48f1-8aa5-0bd02ba061a2	K1tsch	9be574ccf36454c4e03dbf4d84ca787643ba9b18110ad3b9ee239126753b9a80	$2a$10$v.Ii2ka.6CByM6YzNymeMeMBuZrspd9vcYtENP0Oi2IIWafZ2oMHS	\N	\N		t	t	2024-12-03 04:25:18.134886	2024-12-03 04:25:18.134886	f	0
c5247aad-c5c3-4133-b162-50acc686e316	GabDeto	27010f2f9be977681cd3b40302b118bf89d8bc30a90911b0bca06b04f704adaa	$2a$10$N8arbNSIW7h0.5sqBbkL8.mk87tTx4wi3WZWnuHFwveRK1ewRS9na	\N	\N		t	t	2024-12-04 11:06:00.665247	2024-12-04 11:06:00.665247	f	0
facb335f-9306-4a68-bddf-264ec32851d2	Griphod	222de48c9aa0966f25adec2b608455ffb258c22aa65fa773851cd17a1939ed4a	$2a$10$vsO6tvQ1fTSu4rnHNRyjZeU0gp/go5y1KuTonCQfaKQ/tP5XoJN/a	\N	\N		t	t	2024-12-08 21:05:44.034479	2024-12-08 21:05:44.034479	f	0
1ebccaa4-ed64-4fd5-a203-49ed596340e3	Pandulhu	3760349176e17dc9adc871383978e97688c27873b63f64af0e66c99352eebd56	$2a$10$O4s6jXmcts8XA/fWetNu/.Ie8Paq4hfbZ91PQXVKp5lEOdnLkva5.	\N	\N		t	t	2024-12-10 12:46:33.843916	2024-12-10 12:46:33.843916	f	0
ea1e820d-5df6-491e-be8e-26c37852497d	Via	a191676b2bba382136c89c5ee532ff82b1744fda525388ad06fa0e7dd7684b68	$2a$10$RjTZuRR9gq0OkHkUNkf01.Es/ciWKEscDeKTo6MwCDdc4JerhfefW	\N	\N	/uploads/ea1e820d-5df6-491e-be8e-26c37852497d-2b9706c0.jpg	t	t	2024-12-10 22:11:14.759112	2024-12-11 15:30:39.135446	f	3
a9829743-dbbd-458a-b95c-32c522a7d26e	Adrastea	4596f04838628df7dfd5558ba0faf111f55eb0032bbed789eb20948d49b1c99c	$2a$10$9BKmOj/tf.vE50pwsS7lZexua0OVxSRa8HjMx7D4SCNsLuJwKlHo2	\N	\N		t	t	2024-12-10 21:31:26.194777	2024-12-10 21:34:24.377323	f	3
f9f47fdf-125c-4870-9ca8-59e648bd5c08	Konne420	97ab21832188ff0e19f0b87ec56080be2497ddfbeaba8e812077f9c9857312a2	$2a$10$ZdrQvJih/2BZ51HoUim6CuImVUOSnYzjLjJWlt.LWNbguixYUlOBq	\N	\N		t	t	2024-12-03 12:09:59.895345	2024-12-05 09:09:57.342893	f	15
babc5468-a5e9-423f-aba9-fa7d8ef45ca2	samueljoyc	a46087de007c554e0ba68c40208802776ff400e8f6074f3154aecc8310cae041	$2a$10$OFsI9wQwPBOhT7lDqZVrl.kS.aiMoTjJ3GRcW2vLNdtwDqbQFeaWa	\N	\N		t	t	2024-12-05 14:30:07.463641	2024-12-05 14:30:07.463641	f	0
ac8e96a6-d7a0-43ee-8180-f7461ffff467	hashtagcyber	65dd66a0b5ebc1d37d8b04cef1d9ed1a035a9a0f49347354235d1cb2700104dc	$2a$10$dal6R5cHeBi12qZR1DA0VeVt/gwUvofvZZf9fuU24rlqjPctLrx5e	\N	\N		t	t	2024-12-05 15:29:06.25855	2024-12-05 15:29:06.25855	f	0
6c0423e5-3fcb-4994-977a-2b6062c9ac10	TechSavvyJay	3f86b9ffd48f95f5193117110cac5675e3b1fdb3ce6826a5764eb7ad8f0bd34b	$2a$10$pJ.acEfFVye5hrynw9Fv8e2HkMXtWygVWaRmdwofIH.M6FGrLHigm	\N	\N		t	t	2024-12-05 16:25:57.941828	2024-12-05 16:25:57.941828	f	0
\.


--
-- Name: migrations_id_seq; Type: SEQUENCE SET; Schema: public; Owner: rabbitr1
--

SELECT pg_catalog.setval('public.migrations_id_seq', 2, true);


--
-- Name: prompt_metrics_id_seq; Type: SEQUENCE SET; Schema: public; Owner: rabbitr1
--

SELECT pg_catalog.setval('public.prompt_metrics_id_seq', 420, true);


--
-- Name: prompts PK_21f33798862975179e40b216a1d; Type: CONSTRAINT; Schema: public; Owner: rabbitr1
--

ALTER TABLE ONLY public.prompts
    ADD CONSTRAINT "PK_21f33798862975179e40b216a1d" PRIMARY KEY (id);


--
-- Name: prompt_likes PK_55d60af8994b1ea7b5d39ec4f7e; Type: CONSTRAINT; Schema: public; Owner: rabbitr1
--

ALTER TABLE ONLY public.prompt_likes
    ADD CONSTRAINT "PK_55d60af8994b1ea7b5d39ec4f7e" PRIMARY KEY (prompt_id, user_id);


--
-- Name: api_keys PK_5c8a79801b44bd27b79228e1dad; Type: CONSTRAINT; Schema: public; Owner: rabbitr1
--

ALTER TABLE ONLY public.api_keys
    ADD CONSTRAINT "PK_5c8a79801b44bd27b79228e1dad" PRIMARY KEY (id);


--
-- Name: prompt_copy PK_730885b2d37aee7b6538b8f47ad; Type: CONSTRAINT; Schema: public; Owner: rabbitr1
--

ALTER TABLE ONLY public.prompt_copy
    ADD CONSTRAINT "PK_730885b2d37aee7b6538b8f47ad" PRIMARY KEY (id);


--
-- Name: global_stats PK_7a107cf03d781091d521d8ed21b; Type: CONSTRAINT; Schema: public; Owner: rabbitr1
--

ALTER TABLE ONLY public.global_stats
    ADD CONSTRAINT "PK_7a107cf03d781091d521d8ed21b" PRIMARY KEY (id);


--
-- Name: migrations PK_8c82d7f526340ab734260ea46be; Type: CONSTRAINT; Schema: public; Owner: rabbitr1
--

ALTER TABLE ONLY public.migrations
    ADD CONSTRAINT "PK_8c82d7f526340ab734260ea46be" PRIMARY KEY (id);


--
-- Name: users PK_a3ffb1c0c8416b9fc6f907b7433; Type: CONSTRAINT; Schema: public; Owner: rabbitr1
--

ALTER TABLE ONLY public.users
    ADD CONSTRAINT "PK_a3ffb1c0c8416b9fc6f907b7433" PRIMARY KEY (id);


--
-- Name: prompt_votes PK_abc00f81391582c83fa486ee6d7; Type: CONSTRAINT; Schema: public; Owner: rabbitr1
--

ALTER TABLE ONLY public.prompt_votes
    ADD CONSTRAINT "PK_abc00f81391582c83fa486ee6d7" PRIMARY KEY (id);


--
-- Name: prompt_copies PK_ceb007e01c962249bff7225131d; Type: CONSTRAINT; Schema: public; Owner: rabbitr1
--

ALTER TABLE ONLY public.prompt_copies
    ADD CONSTRAINT "PK_ceb007e01c962249bff7225131d" PRIMARY KEY (id);


--
-- Name: prompt_metrics PK_fc3262f4d761085ea7bff443de9; Type: CONSTRAINT; Schema: public; Owner: rabbitr1
--

ALTER TABLE ONLY public.prompt_metrics
    ADD CONSTRAINT "PK_fc3262f4d761085ea7bff443de9" PRIMARY KEY (id);


--
-- Name: prompt_copies UQ_163402d4de9e322fa86caffbc0b; Type: CONSTRAINT; Schema: public; Owner: rabbitr1
--

ALTER TABLE ONLY public.prompt_copies
    ADD CONSTRAINT "UQ_163402d4de9e322fa86caffbc0b" UNIQUE ("promptId", "userId");


--
-- Name: prompt_copy UQ_915a287945dd42f6fae2fd2854f; Type: CONSTRAINT; Schema: public; Owner: rabbitr1
--

ALTER TABLE ONLY public.prompt_copy
    ADD CONSTRAINT "UQ_915a287945dd42f6fae2fd2854f" UNIQUE ("promptId", "userId");


--
-- Name: users UQ_97672ac88f789774dd47f7c8be3; Type: CONSTRAINT; Schema: public; Owner: rabbitr1
--

ALTER TABLE ONLY public.users
    ADD CONSTRAINT "UQ_97672ac88f789774dd47f7c8be3" UNIQUE (email);


--
-- Name: prompt_metrics UQ_ad54cfdf6eb8b56d2aa352202c0; Type: CONSTRAINT; Schema: public; Owner: rabbitr1
--

ALTER TABLE ONLY public.prompt_metrics
    ADD CONSTRAINT "UQ_ad54cfdf6eb8b56d2aa352202c0" UNIQUE ("promptId", "userId");


--
-- Name: users UQ_fe0bb3f6520ee0469504521e710; Type: CONSTRAINT; Schema: public; Owner: rabbitr1
--

ALTER TABLE ONLY public.users
    ADD CONSTRAINT "UQ_fe0bb3f6520ee0469504521e710" UNIQUE (username);


--
-- Name: IDX_30c7a1ec0e70b965385e201307; Type: INDEX; Schema: public; Owner: rabbitr1
--

CREATE INDEX "IDX_30c7a1ec0e70b965385e201307" ON public.prompt_likes USING btree (prompt_id);


--
-- Name: IDX_6ab3bc1622e2daaa12edb0a525; Type: INDEX; Schema: public; Owner: rabbitr1
--

CREATE INDEX "IDX_6ab3bc1622e2daaa12edb0a525" ON public.prompt_likes USING btree (user_id);


--
-- Name: prompt_votes FK_212e35545f1012fffc3302a0c0f; Type: FK CONSTRAINT; Schema: public; Owner: rabbitr1
--

ALTER TABLE ONLY public.prompt_votes
    ADD CONSTRAINT "FK_212e35545f1012fffc3302a0c0f" FOREIGN KEY (prompt_id) REFERENCES public.prompts(id);


--
-- Name: prompts FK_2238c2e37d9a47947cb32039832; Type: FK CONSTRAINT; Schema: public; Owner: rabbitr1
--

ALTER TABLE ONLY public.prompts
    ADD CONSTRAINT "FK_2238c2e37d9a47947cb32039832" FOREIGN KEY (author_id) REFERENCES public.users(id);


--
-- Name: prompt_likes FK_30c7a1ec0e70b965385e2013077; Type: FK CONSTRAINT; Schema: public; Owner: rabbitr1
--

ALTER TABLE ONLY public.prompt_likes
    ADD CONSTRAINT "FK_30c7a1ec0e70b965385e2013077" FOREIGN KEY (prompt_id) REFERENCES public.prompts(id) ON UPDATE CASCADE ON DELETE CASCADE;


--
-- Name: prompt_metrics FK_4a617a12c347b3ee147a8c7e4e3; Type: FK CONSTRAINT; Schema: public; Owner: rabbitr1
--

ALTER TABLE ONLY public.prompt_metrics
    ADD CONSTRAINT "FK_4a617a12c347b3ee147a8c7e4e3" FOREIGN KEY ("promptId") REFERENCES public.prompts(id) ON DELETE CASCADE;


--
-- Name: prompt_votes FK_4abdba02ef3e09fabb7e3737988; Type: FK CONSTRAINT; Schema: public; Owner: rabbitr1
--

ALTER TABLE ONLY public.prompt_votes
    ADD CONSTRAINT "FK_4abdba02ef3e09fabb7e3737988" FOREIGN KEY (user_id) REFERENCES public.users(id);


--
-- Name: prompt_copy FK_62709af52e73438ca3fb61517cc; Type: FK CONSTRAINT; Schema: public; Owner: rabbitr1
--

ALTER TABLE ONLY public.prompt_copy
    ADD CONSTRAINT "FK_62709af52e73438ca3fb61517cc" FOREIGN KEY ("promptId") REFERENCES public.prompts(id) ON DELETE CASCADE;


--
-- Name: prompt_likes FK_6ab3bc1622e2daaa12edb0a5254; Type: FK CONSTRAINT; Schema: public; Owner: rabbitr1
--

ALTER TABLE ONLY public.prompt_likes
    ADD CONSTRAINT "FK_6ab3bc1622e2daaa12edb0a5254" FOREIGN KEY (user_id) REFERENCES public.users(id) ON UPDATE CASCADE ON DELETE CASCADE;


--
-- Name: prompt_copies FK_6e20d185265a8bea6d09286c8b9; Type: FK CONSTRAINT; Schema: public; Owner: rabbitr1
--

ALTER TABLE ONLY public.prompt_copies
    ADD CONSTRAINT "FK_6e20d185265a8bea6d09286c8b9" FOREIGN KEY ("userId") REFERENCES public.users(id) ON DELETE CASCADE;


--
-- Name: prompt_copies FK_7d2c71be6436f653e0079ba5cbe; Type: FK CONSTRAINT; Schema: public; Owner: rabbitr1
--

ALTER TABLE ONLY public.prompt_copies
    ADD CONSTRAINT "FK_7d2c71be6436f653e0079ba5cbe" FOREIGN KEY ("promptId") REFERENCES public.prompts(id) ON DELETE CASCADE;


--
-- Name: prompt_metrics FK_7e3729583c5c4de6049d10feafe; Type: FK CONSTRAINT; Schema: public; Owner: rabbitr1
--

ALTER TABLE ONLY public.prompt_metrics
    ADD CONSTRAINT "FK_7e3729583c5c4de6049d10feafe" FOREIGN KEY ("userId") REFERENCES public.users(id) ON DELETE CASCADE;


--
-- Name: prompt_copy FK_f28b27357a6a18c0989ef9b33fd; Type: FK CONSTRAINT; Schema: public; Owner: rabbitr1
--

ALTER TABLE ONLY public.prompt_copy
    ADD CONSTRAINT "FK_f28b27357a6a18c0989ef9b33fd" FOREIGN KEY ("userId") REFERENCES public.users(id) ON DELETE CASCADE;


--
-- Name: SCHEMA public; Type: ACL; Schema: -; Owner: pg_database_owner
--

GRANT ALL ON SCHEMA public TO rabbitr1;


--
-- PostgreSQL database dump complete
--

